Date,Volume_t-3,Volume_t-2,Volume_t-1,Open_t-3,Open_t-2,Open_t-1,High_t-3,High_t-2,High_t-1,Low_t-3,Low_t-2,Low_t-1,target
2018-04-09,34581850.0,26750260.0,34949690.0,164.88,172.58,170.97,172.01,174.23,172.48,164.77,172.08,168.2,169.88
2020-01-14,42621540.0,35217270.0,30521720.0,307.24,310.6,311.64,310.43,312.67,317.07,306.2,308.25,311.15,316.7
2019-02-11,28204640.0,31644240.0,23793830.0,174.65,172.4,168.99,175.57,173.94,170.66,172.85,170.34,168.42,171.05
2017-10-27,17633730.0,21175670.0,16916650.0,156.29,156.91,157.23,157.42,157.55,157.83,156.2,155.27,156.78,159.29
2016-12-23,21337310.0,23724430.0,26043820.0,116.74,116.8,116.35,117.5,117.4,116.51,116.68,116.78,115.64,115.59
2017-12-19,20442740.0,40122100.0,29385650.0,172.4,173.63,174.88,173.13,174.17,177.2,171.65,172.46,174.86,175.03
2019-06-05,27043580.0,40396070.0,30967960.0,176.23,175.6,175.44,177.99,177.92,179.83,174.99,170.27,174.52,184.28
2017-01-20,34412090.0,23687350.0,25554290.0,118.34,120.0,119.4,120.24,120.5,120.09,118.22,119.71,119.37,120.45
2016-04-28,27997990.0,52979780.0,114436300.0,105.0,103.91,96.0,105.65,105.3,98.71,104.51,103.91,95.68,97.61
2017-07-12,18527000.0,21080580.0,18647220.0,142.9,144.11,144.73,144.75,145.95,145.85,142.9,143.37,144.38,145.87
2015-10-14,52720620.0,30386830.0,32970790.0,110.0,112.73,110.82,112.28,112.75,112.45,109.49,111.44,110.68,111.29
2017-03-16,17048800.0,15281850.0,25676720.0,138.85,139.3,139.41,139.43,139.65,140.75,138.82,138.84,139.03,140.72
2017-11-02,44651420.0,35779520.0,33482970.0,163.89,167.9,169.87,168.07,169.65,169.94,163.72,166.94,165.61,167.64
2018-10-18,30280450.0,28802550.0,22692880.0,221.16,218.93,222.3,221.83,222.99,222.64,217.27,216.76,219.34,217.86
2016-08-10,39546610.0,28010430.0,26296260.0,106.27,107.52,108.23,107.65,108.37,108.94,106.18,107.16,108.01,108.71
2019-11-07,25817950.0,19974430.0,18966120.0,257.33,257.05,256.77,257.85,258.19,257.49,255.38,256.32,255.37,258.74
2017-09-12,21905160.0,28411740.0,31506890.0,162.09,160.86,160.5,162.24,161.15,162.05,160.36,158.53,159.89,162.61
2016-03-09,46026600.0,35890740.0,31538710.0,102.37,102.39,100.78,103.75,102.83,101.76,101.37,100.96,100.4,101.31
2019-09-18,39763300.0,21158140.0,18386470.0,220.0,217.73,219.96,220.79,220.13,220.82,217.02,217.56,219.12,221.06
2020-01-30,40485010.0,40558490.0,54149930.0,310.06,312.6,324.45,311.77,318.4,327.85,304.88,312.19,321.38,320.54
2017-09-27,46575410.0,44366140.0,35907770.0,152.02,149.99,151.78,152.27,151.83,153.92,150.56,149.16,151.69,153.8
2018-12-27,95497900.0,37169230.0,58133850.0,156.86,148.15,148.3,158.16,151.55,157.23,149.63,146.59,146.72,155.84
2019-03-07,27413060.0,19238480.0,20755140.0,175.69,175.94,174.67,177.75,176.0,175.49,173.97,174.54,173.94,173.87
2019-12-30,12119710.0,23334000.0,36592940.0,284.69,284.82,291.12,284.89,289.98,293.97,282.92,284.7,288.12,289.46
2017-12-12,25656110.0,23285760.0,34260890.0,169.03,170.49,169.2,170.44,171.0,172.89,168.91,168.82,168.79,172.15
2018-07-31,19005150.0,23975350.0,20912890.0,194.61,194.99,191.9,195.96,195.19,192.2,193.61,190.1,189.07,190.3
2016-04-12,31735810.0,23553790.0,29357940.0,109.95,108.91,108.97,110.42,109.77,110.61,108.12,108.17,108.83,109.34
2015-09-09,53142590.0,49904460.0,54507300.0,112.49,108.97,111.65,112.78,110.45,112.56,110.04,108.51,110.32,113.76
2019-06-18,21674630.0,18761470.0,14669140.0,194.7,191.55,192.9,196.79,193.59,194.96,193.6,190.3,192.17,196.05
2018-07-23,16365720.0,20182050.0,20670830.0,191.78,189.69,191.78,191.8,192.55,192.43,189.93,189.69,190.17,190.68
2018-03-14,32130360.0,32191070.0,31464170.0,177.96,180.29,182.59,180.0,182.39,183.5,177.39,180.21,179.24,180.32
2019-07-19,16866820.0,14107450.0,18582160.0,204.59,204.05,204.0,206.11,205.09,205.88,203.5,203.27,203.7,205.79
2016-10-12,24336440.0,36087910.0,63963010.0,114.31,115.02,117.7,114.56,116.75,118.69,113.51,114.72,116.2,117.35
2016-05-18,44223040.0,61192340.0,46858910.0,90.0,92.39,94.55,91.67,94.39,94.7,90.0,91.65,93.01,94.16
2020-02-07,34154130.0,29706720.0,26356390.0,315.31,323.52,322.57,319.64,324.76,325.22,313.63,318.95,320.26,322.37
2020-07-08,28510370.0,29663910.0,28106110.0,367.85,370.0,375.41,370.47,375.78,378.62,363.64,369.87,372.23,376.72
2016-12-16,43293350.0,33962370.0,46286150.0,113.84,115.04,115.38,115.92,116.2,116.73,113.75,114.98,115.23,116.47
2018-12-07,40537700.0,41141250.0,42704910.0,184.46,180.95,171.76,184.94,182.39,174.78,181.21,176.27,170.42,173.49
2016-07-25,26219110.0,32690080.0,28218240.0,100.0,99.83,99.26,100.46,101.0,99.3,99.74,99.13,98.31,98.25
2015-08-10,99202400.0,52828890.0,38610120.0,112.95,115.97,114.58,117.44,116.5,116.25,112.1,114.12,114.5,116.53
2017-06-07,27715140.0,25277680.0,26591850.0,153.58,154.34,153.9,155.45,154.45,155.81,152.89,153.46,153.78,155.02
2015-08-25,68176940.0,127246600.0,161882500.0,114.08,110.43,94.87,114.35,111.9,108.8,111.63,105.65,92.0,111.11
2017-07-25,17170490.0,25111310.0,21466370.0,151.5,149.99,150.58,151.74,150.44,152.44,150.19,148.88,149.9,151.8
2019-01-30,33508960.0,26147280.0,39914850.0,155.48,155.79,156.25,158.13,156.33,158.13,154.32,153.66,154.11,163.25
2020-05-08,36937800.0,35583440.0,28803760.0,295.06,300.46,303.22,301.0,303.24,305.17,294.46,298.87,301.97,305.64
2018-01-11,20523870.0,21532200.0,23751690.0,174.35,174.55,173.16,175.61,175.06,174.3,173.93,173.41,173.0,174.59
2016-07-14,23317990.0,24129530.0,25879680.0,96.75,97.17,97.41,97.65,97.7,97.67,96.73,97.12,96.84,97.39
2020-04-08,32470020.0,50455070.0,50721830.0,242.8,250.9,270.8,245.7,263.11,271.7,238.97,249.38,259.0,262.74
2019-02-15,22224400.0,22389660.0,21785180.0,170.1,171.39,169.71,171.0,172.48,171.26,169.7,169.92,169.38,171.25
2017-11-13,24358920.0,29422610.0,25129510.0,174.66,175.11,175.11,176.24,176.1,175.38,174.33,173.14,174.27,173.5
2018-09-05,48696960.0,43177540.0,27363960.0,223.25,226.51,228.41,228.26,228.87,229.18,222.4,226.0,226.63,228.99
2019-02-01,39914850.0,60800480.0,40613260.0,156.25,163.25,166.11,158.13,166.15,169.0,154.11,160.23,164.56,166.96
2019-01-10,54571440.0,40622910.0,45034370.0,148.7,149.56,151.29,148.83,151.82,154.53,145.9,148.52,149.63,152.5
2016-07-29,53454620.0,92143920.0,38771840.0,96.82,104.27,102.83,97.97,104.35,104.45,96.42,102.75,102.82,104.19
2016-12-19,33962370.0,46286150.0,44284660.0,115.04,115.38,116.47,116.2,116.73,116.5,114.98,115.23,115.65,115.8
2020-01-09,29644640.0,27877660.0,33090950.0,293.79,299.84,297.16,299.96,300.9,304.44,292.75,297.48,297.16,307.24
2015-12-04,34806250.0,33316990.0,41511380.0,118.75,117.05,116.55,118.81,118.11,116.79,116.86,116.08,114.22,115.29
2019-02-13,23793830.0,20940020.0,22224400.0,168.99,171.05,170.1,170.66,171.21,171.0,168.42,169.25,169.7,171.39
2017-11-09,34770480.0,24332120.0,24358920.0,172.37,173.91,174.66,174.99,175.25,176.24,171.72,173.6,174.33,175.11
2018-02-21,50908540.0,40113790.0,33690660.0,169.79,172.36,172.05,173.09,174.82,174.26,169.0,171.77,171.42,172.83
2020-06-03,38399530.0,20254650.0,21910700.0,319.25,317.75,320.75,321.15,322.35,323.44,316.47,317.21,318.93,324.66
2016-10-11,28508710.0,24336440.0,36087910.0,113.7,114.31,115.02,114.34,114.56,116.75,113.13,113.51,114.72,117.7
2018-02-15,60774900.0,32483310.0,40382890.0,158.5,161.95,163.05,163.89,164.75,167.54,157.51,161.65,162.88,169.79
2017-12-08,27315530.0,28397810.0,25656110.0,169.06,167.5,169.03,171.52,170.2,170.44,168.4,166.46,168.91,170.49
2019-03-01,16991610.0,27817640.0,27953810.0,173.71,173.21,174.32,175.3,175.0,174.91,173.17,172.73,172.92,174.28
2020-03-18,92683030.0,80605870.0,81013970.0,264.89,241.95,247.51,279.92,259.08,257.61,252.95,240.0,238.4,239.77
2015-09-29,50061580.0,56005550.0,51861990.0,113.25,116.44,113.85,115.5,116.69,114.57,112.37,114.02,112.44,112.83
2018-04-12,28976200.0,28567110.0,22401040.0,169.88,173.0,172.23,173.09,174.0,173.92,169.85,171.53,171.7,173.41
2017-11-10,24332120.0,24358920.0,29422610.0,173.91,174.66,175.11,175.25,176.24,176.1,173.6,174.33,173.14,175.11
2020-01-06,25247630.0,33911860.0,36633880.0,289.93,296.24,297.15,293.68,300.6,300.58,289.52,295.19,296.5,293.79
2018-05-11,28053230.0,23141260.0,27942430.0,184.99,186.55,187.74,186.22,187.4,190.37,183.67,185.22,187.65,189.49
2020-01-17,40653460.0,30480880.0,27207250.0,316.7,311.85,313.59,317.57,315.5,315.7,312.17,309.55,312.09,316.27
2020-05-14,36486560.0,40575260.0,50155640.0,308.1,317.83,312.15,317.05,319.69,315.95,307.24,310.91,303.21,304.51
2015-09-18,43218350.0,37080720.0,63712340.0,115.93,116.25,115.66,116.53,116.54,116.49,114.42,115.44,113.72,112.21
2019-12-10,18661340.0,26547490.0,32182650.0,263.79,267.48,270.0,265.89,271.0,270.8,262.73,267.3,264.91,268.6
2017-06-29,25674500.0,24725210.0,22052920.0,147.17,145.01,144.49,148.28,146.16,146.11,145.38,143.62,143.16,144.71
2018-05-09,56137230.0,42557530.0,28053230.0,178.25,185.18,184.99,184.25,187.67,186.22,178.17,184.75,183.67,186.55
2018-05-24,18383080.0,15228270.0,19966590.0,188.0,188.38,186.35,189.27,188.88,188.5,186.91,186.78,185.76,188.77
2018-06-15,16859020.0,21480120.0,21584720.0,191.39,192.42,191.55,192.61,192.88,191.57,191.15,190.44,190.22,190.03
2016-08-18,25704330.0,33754680.0,25328680.0,108.14,109.63,109.1,109.54,110.23,109.37,108.08,109.21,108.34,109.23
2019-09-25,57977090.0,19419650.0,31434370.0,221.38,218.95,221.03,222.56,219.84,222.49,217.47,217.65,217.19,218.55
2016-12-22,27756760.0,21337310.0,23724430.0,115.8,116.74,116.8,117.38,117.5,117.4,115.75,116.68,116.78,116.35
2018-07-20,15515000.0,16365720.0,20182050.0,189.75,191.78,189.69,191.87,191.8,192.55,189.2,189.93,189.69,191.78
2016-08-19,33754680.0,25328680.0,21918340.0,109.63,109.1,109.23,110.23,109.37,109.6,109.21,108.34,109.02,108.77
2017-06-05,24452750.0,16383610.0,27715140.0,153.97,153.17,153.58,154.17,153.33,155.45,152.38,152.22,152.89,154.34
2018-06-04,18503410.0,27468700.0,23377690.0,187.72,187.22,187.99,188.0,188.23,190.26,186.78,186.14,187.75,191.64
2020-02-28,57668360.0,49678430.0,80151380.0,300.95,286.53,281.1,302.53,297.88,286.0,286.13,286.5,272.96,257.26
2019-03-05,27953810.0,25737560.0,27413060.0,174.32,174.28,175.69,174.91,175.15,177.75,172.92,172.89,173.97,175.94
2020-04-23,32503750.0,45247890.0,29264340.0,277.95,276.28,273.61,281.68,277.25,277.9,276.85,265.43,272.2,275.87
2018-10-10,33507770.0,28784550.0,26656630.0,227.96,222.21,223.64,228.41,224.8,227.27,220.58,220.2,222.25,225.46
2016-05-06,56770080.0,40984160.0,35850220.0,94.2,95.2,94.0,95.74,95.9,94.07,93.68,93.82,92.68,93.37
2016-06-10,22378380.0,20839950.0,26575570.0,99.25,99.02,98.5,99.87,99.56,99.99,98.96,98.68,98.46,98.53
2015-11-03,51106100.0,49305220.0,32152870.0,118.7,120.99,119.87,120.69,121.22,121.36,118.27,119.45,119.61,120.79
2016-04-14,29357940.0,27150570.0,32771760.0,108.97,109.34,110.8,110.61,110.5,112.34,108.83,108.66,110.8,111.62
2015-07-27,115288400.0,50832950.0,42090320.0,121.99,126.2,125.32,125.5,127.09,125.74,121.99,125.06,123.9,123.09
2019-01-09,57423650.0,54571440.0,40622910.0,144.53,148.7,149.56,148.55,148.83,151.82,143.8,145.9,148.52,151.29
2019-03-29,49696100.0,29771210.0,20710390.0,191.66,188.75,188.95,192.88,189.76,189.56,184.58,186.55,187.53,189.83
2016-02-09,46418230.0,46315620.0,53920550.0,95.86,96.52,93.13,97.33,96.92,95.7,95.19,93.69,93.04,94.29
2018-12-17,35474680.0,31754210.0,40620360.0,170.4,170.49,169.0,171.92,172.57,169.08,169.02,169.55,165.28,165.45
2017-04-11,21131040.0,16658660.0,18904680.0,144.29,143.73,143.6,144.52,144.18,143.88,143.45,143.27,142.9,142.94
2016-10-14,63963010.0,37512930.0,35041820.0,117.7,117.35,116.79,118.69,117.98,117.44,116.2,116.75,115.72,117.88
2016-10-06,21634520.0,29707270.0,21400410.0,112.71,113.06,113.4,113.05,114.31,113.66,112.28,112.63,112.69,113.7
2016-07-18,25879680.0,38885980.0,30031410.0,97.41,97.39,98.92,97.67,98.99,99.3,96.84,97.32,98.5,98.7
2018-03-07,38426060.0,27825140.0,23273160.0,172.8,175.21,177.91,176.3,177.74,178.25,172.45,174.52,176.13,174.94
2019-03-19,23527660.0,39017490.0,26148590.0,183.9,184.85,185.8,184.1,187.33,188.39,182.56,183.74,185.79,188.35
2020-03-31,63140170.0,51054150.0,41994110.0,246.52,252.75,250.74,258.68,255.87,255.52,246.36,247.05,249.4,255.6
2017-05-05,44182930.0,45579740.0,23345970.0,147.54,145.59,146.52,148.09,147.49,147.14,146.84,144.27,145.81,146.76
2020-02-27,55548830.0,57668360.0,49678430.0,297.26,300.95,286.53,304.18,302.53,297.88,289.23,286.13,286.5,281.1
2016-02-08,45870130.0,46418230.0,46315620.0,95.0,95.86,96.52,96.84,97.33,96.92,94.08,95.19,93.69,93.13
2018-09-13,39194720.0,35644510.0,49118510.0,220.95,218.01,224.94,221.85,224.3,225.0,216.47,216.56,219.84,223.52
2015-10-08,52033100.0,48702200.0,46717770.0,109.88,110.63,111.74,111.37,111.74,111.77,109.07,109.77,109.41,110.19
2016-01-20,63000140.0,79356010.0,52960810.0,97.96,96.2,98.41,100.48,97.71,98.65,95.74,95.36,95.5,95.1
2016-07-13,28877500.0,23317990.0,24129530.0,96.49,96.75,97.17,96.89,97.65,97.7,96.05,96.73,97.12,97.41
2016-11-01,31396130.0,36792100.0,26378910.0,115.39,113.87,113.65,115.86,115.21,114.23,114.1,113.45,113.2,113.46
2019-05-28,29748560.0,36529740.0,23714690.0,184.66,179.8,180.2,185.71,180.54,182.14,182.55,177.81,178.62,178.92
2016-05-19,61192340.0,46858910.0,42009830.0,92.39,94.55,94.16,94.39,94.7,95.21,91.65,93.01,93.89,94.64
2017-10-12,16243080.0,15603520.0,16861450.0,155.81,156.06,155.97,156.73,158.0,156.98,155.49,155.1,155.75,156.35
2020-06-30,34380630.0,51314210.0,32661520.0,360.7,364.41,353.25,365.0,365.32,362.17,357.57,353.02,351.28,360.08
2015-11-04,49305220.0,32152870.0,45479260.0,120.99,119.87,120.79,121.22,121.36,123.49,119.45,119.61,120.7,123.13
2018-08-06,67812280.0,62317430.0,33408050.0,199.13,200.58,207.03,201.76,208.38,208.74,197.31,200.35,205.48,208.0
2018-01-18,25302200.0,29512410.0,34260230.0,176.18,177.9,176.15,177.36,179.39,179.25,175.65,176.14,175.07,179.37
2017-06-16,34089190.0,31454590.0,31642900.0,147.16,147.5,143.32,147.45,147.5,144.48,145.15,143.84,142.21,143.78
2018-04-30,28331540.0,27850370.0,35617230.0,162.62,164.12,164.0,165.42,165.73,164.33,162.41,163.37,160.63,162.13
2018-07-17,18000180.0,12506830.0,15009800.0,189.53,191.08,191.52,191.41,191.84,192.65,189.31,190.9,190.42,189.75
2016-06-27,29124140.0,32042290.0,75219710.0,96.25,95.94,92.91,96.89,96.29,94.66,95.35,95.25,92.65,93.0
2016-02-23,38866100.0,35290570.0,34240470.0,98.84,96.0,96.31,98.89,96.76,96.9,96.09,95.8,95.92,96.4
2019-02-05,40613260.0,32644590.0,31384720.0,166.11,166.96,167.41,169.0,168.98,171.66,164.56,165.93,167.28,172.86
2019-04-15,21654750.0,20543190.0,27738580.0,198.68,200.85,199.2,200.74,201.0,200.14,198.18,198.44,196.21,198.58
2016-07-26,32690080.0,28218240.0,40290580.0,99.83,99.26,98.25,101.0,99.3,98.84,99.13,98.31,96.92,96.82
2019-01-15,35661200.0,26924630.0,32018540.0,152.5,152.88,150.85,153.97,153.7,151.27,150.86,151.51,149.22,150.27
2016-01-13,70722000.0,49687870.0,49046150.0,98.55,98.97,100.55,99.11,99.06,100.69,96.76,97.34,98.84,100.32
2019-12-16,19723390.0,34437040.0,33432810.0,268.81,267.78,271.46,271.1,272.56,275.3,268.5,267.32,270.93,277.0
2018-10-19,28802550.0,22692880.0,32389280.0,218.93,222.3,217.86,222.99,222.64,219.74,216.76,219.34,213.0,218.06
2017-08-14,26060430.0,39636190.0,26208970.0,159.26,159.9,156.6,161.27,160.0,158.57,159.11,154.63,156.07,159.32
2017-02-16,22989980.0,33054500.0,35578640.0,133.08,133.47,135.52,133.82,135.09,136.27,132.75,133.25,134.62,135.67
2016-02-17,49979700.0,40323020.0,48032600.0,93.79,94.19,95.02,94.72,94.5,96.85,92.59,93.01,94.61,96.67
2018-04-04,38116290.0,37425640.0,30237640.0,167.81,167.88,167.64,171.75,168.94,168.75,166.9,164.47,164.88,164.88
2017-03-03,23446340.0,36362440.0,26170690.0,137.08,137.89,140.0,137.44,140.15,140.28,136.7,137.6,138.76,138.78
2018-02-27,30953760.0,33772050.0,37353670.0,171.8,173.67,176.35,173.95,175.65,179.39,171.71,173.54,176.21,179.1
2018-06-05,27468700.0,23377690.0,26190620.0,187.22,187.99,191.64,188.23,190.26,193.42,186.14,187.75,191.35,193.07
2020-06-15,41662940.0,50415610.0,50036510.0,347.9,349.31,344.72,354.77,351.06,347.8,346.09,335.48,334.22,333.25
2019-06-26,47800590.0,18220420.0,21070330.0,198.8,198.54,198.43,200.85,200.16,199.26,198.15,198.17,195.29,197.77
2018-04-27,33674960.0,28331540.0,27850370.0,165.67,162.62,164.12,166.33,165.42,165.73,161.22,162.41,163.37,164.0
2018-01-16,23751690.0,18653380.0,25302200.0,173.16,174.59,176.18,174.3,175.49,177.36,173.0,174.49,175.65,177.9
2016-12-02,28507780.0,36151450.0,37034520.0,110.78,111.6,110.37,112.03,112.2,110.94,110.07,110.27,109.03,109.17
2015-11-25,34135230.0,32445680.0,42747950.0,119.2,119.27,117.33,119.92,119.73,119.35,118.85,117.34,117.12,119.21
2015-09-03,56111590.0,76562170.0,61681250.0,112.03,110.15,110.23,114.53,111.88,112.34,112.0,107.36,109.13,112.49
2017-06-15,72187710.0,34089190.0,31454590.0,145.74,147.16,147.5,146.09,147.45,147.5,142.51,145.15,143.84,143.32
2016-02-05,37190500.0,45870130.0,46418230.0,95.42,95.0,95.86,96.04,96.84,97.33,94.28,94.08,95.19,96.52
2017-09-05,27215770.0,26729940.0,16564340.0,163.8,163.64,164.8,163.89,164.52,164.94,162.61,163.48,163.63,163.75
2016-02-29,36192150.0,27526040.0,28949760.0,93.98,96.05,97.2,96.38,96.76,98.02,93.32,95.25,96.58,96.86
2018-05-31,17186760.0,22409110.0,18503410.0,188.23,187.6,187.72,189.65,188.75,188.0,187.65,186.87,186.78,187.22
2019-09-24,22187880.0,57977090.0,19419650.0,222.01,221.38,218.95,223.76,222.56,219.84,220.37,217.47,217.65,221.03
2018-08-23,30149410.0,25682700.0,18965930.0,218.1,216.8,214.1,219.18,217.19,216.36,215.11,214.03,213.84,214.65
2016-06-20,29373050.0,31251870.0,60793260.0,97.82,96.45,96.62,98.41,97.75,96.65,97.03,96.07,95.3,96.0
2016-05-31,38258300.0,56293490.0,36299460.0,98.67,99.68,99.44,99.74,100.73,100.47,98.11,98.64,99.25,99.6
2019-11-21,21700900.0,19069600.0,26609920.0,265.8,267.9,265.54,267.43,268.0,266.08,264.23,265.39,260.4,263.69
2019-02-14,20940020.0,22224400.0,22389660.0,171.05,170.1,171.39,171.21,171.0,172.48,169.25,169.7,169.92,169.71
2018-04-17,22858840.0,25100510.0,21561320.0,173.41,174.78,175.03,175.0,175.84,176.19,173.04,173.85,174.83,176.49
2020-06-01,28236270.0,33449100.0,38399530.0,316.14,316.77,319.25,318.71,323.44,321.15,313.09,315.63,316.47,317.75
2015-10-09,48702200.0,46717770.0,61747260.0,110.63,111.74,110.19,111.74,111.77,110.19,109.77,109.41,108.21,110.0
2016-04-19,25364920.0,46873670.0,60784920.0,111.62,112.11,108.89,112.39,112.3,108.95,111.33,109.73,106.94,107.88
2016-06-17,31890740.0,29373050.0,31251870.0,97.32,97.82,96.45,98.48,98.41,97.75,96.75,97.03,96.07,96.62
2016-04-01,31154910.0,45547590.0,25763840.0,104.89,108.65,109.72,107.79,110.42,109.9,104.88,108.6,108.88,108.78
2018-02-28,33772050.0,37353670.0,38885510.0,173.67,176.35,179.1,175.65,179.39,180.48,173.54,176.21,178.16,179.26
2017-08-07,69726440.0,26604140.0,20514810.0,159.28,157.05,156.07,159.75,157.21,157.4,156.16,155.02,155.69,157.06
2019-05-17,36529680.0,26544720.0,33031360.0,186.41,186.27,189.91,189.7,191.75,192.47,185.41,186.02,188.84,186.93
2017-11-15,25129510.0,16956290.0,24683350.0,175.11,173.5,173.04,175.38,174.5,173.48,174.27,173.4,171.18,169.97
2017-09-14,31506890.0,71574560.0,44866280.0,160.5,162.61,159.87,162.05,163.96,159.96,159.89,158.77,157.91,158.99
2017-01-18,27057550.0,26083030.0,34412090.0,118.9,119.11,118.34,119.3,119.62,120.24,118.21,118.81,118.22,120.0
2019-09-26,19419650.0,31434370.0,22481010.0,218.95,221.03,218.55,219.84,222.49,221.5,217.65,217.19,217.14,220.0
2020-02-21,38190550.0,23495990.0,25141490.0,315.36,320.0,322.63,319.75,324.57,324.65,314.61,320.0,318.21,318.62
2016-11-02,36792100.0,26378910.0,43403760.0,113.87,113.65,113.46,115.21,114.23,113.77,113.45,113.2,110.53,111.4
2016-07-27,28218240.0,40290580.0,53454620.0,99.26,98.25,96.82,99.3,98.84,97.97,98.31,96.92,96.42,104.27
2015-07-22,45970470.0,55204920.0,73006780.0,129.08,130.97,132.85,129.62,132.97,132.92,128.31,130.7,130.32,121.99
2016-08-02,38771840.0,27697970.0,38018910.0,102.83,104.19,104.41,104.45,104.55,106.15,102.82,103.68,104.41,106.05
2015-09-04,76562170.0,61681250.0,53142590.0,110.15,110.23,112.49,111.88,112.34,112.78,107.36,109.13,110.04,108.97
2020-07-06,35055820.0,27684310.0,28510370.0,360.08,365.12,367.85,365.98,367.36,370.47,360.0,363.91,363.64,370.0
2017-09-11,21610300.0,21905160.0,28411740.0,162.71,162.09,160.86,162.99,162.24,161.15,160.52,160.36,158.53,160.5
2015-12-30,13596680.0,26639930.0,30912260.0,109.0,107.59,106.96,109.0,107.69,109.43,107.95,106.18,106.86,108.58
2017-12-26,23451420.0,20848660.0,16339690.0,174.87,174.17,174.68,175.42,176.02,175.42,173.25,174.1,174.5,170.8
2015-12-10,32063100.0,34275420.0,46301930.0,118.98,117.52,117.64,119.86,118.6,117.69,117.81,116.86,115.08,116.04
2018-06-29,24378480.0,24987260.0,17352380.0,182.99,185.23,184.1,186.53,187.28,186.21,182.54,184.03,183.8,186.29
2017-06-14,64782910.0,72187710.0,34089190.0,155.19,145.74,147.16,155.19,146.09,147.45,146.02,142.51,145.15,147.5
2018-10-25,28751540.0,38681170.0,39992120.0,219.79,215.83,222.6,223.36,223.25,224.23,218.94,214.7,214.54,217.71
2015-08-11,52828890.0,38610120.0,54851010.0,115.97,114.58,116.53,116.5,116.25,119.99,114.12,114.5,116.53,117.81
2016-06-28,32042290.0,75219710.0,45595680.0,95.94,92.91,93.0,96.29,94.66,93.05,95.25,92.65,91.5,92.9
2015-09-23,73991000.0,46594220.0,50278030.0,112.21,113.67,113.38,114.3,115.37,114.18,111.87,113.66,112.52,113.63
2016-03-04,50303500.0,33136130.0,36884490.0,97.65,100.51,100.58,100.77,100.89,101.71,97.42,99.64,100.45,102.37
2019-11-27,16331260.0,21029520.0,26334880.0,262.59,262.71,266.94,263.18,266.44,267.16,260.84,262.52,262.5,265.58
2018-02-12,51467440.0,54145930.0,70583530.0,163.09,160.29,157.07,163.4,161.0,157.89,159.07,155.03,150.24,158.5
2018-08-22,35034410.0,30149410.0,25682700.0,213.44,218.1,216.8,217.95,219.18,217.19,213.16,215.11,214.03,214.1
2016-09-21,79763890.0,46937190.0,34494150.0,115.12,115.19,113.05,116.13,116.18,114.12,114.04,113.25,112.51,113.85
2016-03-18,40026250.0,38236730.0,34394830.0,103.96,104.61,105.52,105.18,106.31,106.47,103.85,104.59,104.96,106.34
2018-10-09,31961120.0,33507770.0,28784550.0,230.78,227.96,222.21,232.35,228.41,224.8,226.73,220.58,220.2,223.64
2019-10-31,24143240.0,35709870.0,31130520.0,247.42,248.97,244.76,249.25,249.75,245.3,246.72,242.57,241.21,247.24
2020-06-19,41357180.0,28601630.0,24205100.0,351.46,355.15,351.41,353.2,355.4,353.45,344.72,351.09,349.22,354.64
2018-01-04,25938760.0,25400540.0,29461040.0,170.52,170.16,172.53,170.59,172.3,174.55,169.22,169.26,171.96,172.54
2018-11-06,52954070.0,91046560.0,66072170.0,219.05,209.55,204.3,222.36,213.65,204.39,216.81,205.43,198.17,201.92
2016-05-12,32895650.0,33653020.0,28641180.0,93.0,93.33,93.48,93.77,93.57,93.57,92.59,92.11,92.46,92.72
2016-11-21,58724080.0,27623150.0,28310840.0,106.7,109.81,109.72,110.23,110.35,110.54,106.6,108.83,109.66,110.12
2016-09-28,52411070.0,29800240.0,24587490.0,114.42,111.64,113.0,114.79,113.39,113.18,111.55,111.55,112.34,113.69
2016-05-23,42009830.0,30417880.0,31834020.0,94.16,94.64,94.64,95.21,94.64,95.43,93.89,93.57,94.52,95.87
2020-06-02,33449100.0,38399530.0,20254650.0,316.77,319.25,317.75,323.44,321.15,322.35,315.63,316.47,317.21,320.75
2016-09-02,24817940.0,31639010.0,26675250.0,105.8,105.66,106.14,106.5,106.57,106.8,105.5,105.64,105.62,107.7
2017-01-11,31714820.0,33420290.0,24432660.0,116.78,117.95,118.77,118.16,119.43,119.38,116.47,117.94,118.3,118.74
2016-03-11,31538710.0,27148530.0,33490630.0,100.78,101.31,101.41,101.76,101.58,102.24,100.4,100.27,100.15,102.24
2017-03-15,19578920.0,17048800.0,15281850.0,139.25,138.85,139.3,139.36,139.43,139.65,138.64,138.82,138.84,139.41
2018-11-01,45713690.0,36487930.0,38016810.0,219.19,211.15,216.88,219.69,215.18,220.45,206.09,209.27,216.62,219.05
2015-07-30,44371580.0,33570380.0,36912040.0,123.09,123.38,123.15,123.61,123.91,123.5,122.12,122.55,122.27,122.32
2017-08-08,26604140.0,20514810.0,21827400.0,157.05,156.07,157.06,157.21,157.4,158.92,155.02,155.69,156.67,158.6
2015-10-19,44434220.0,37622200.0,38794930.0,111.29,110.93,111.78,111.52,112.1,112.0,109.56,110.49,110.53,110.8
2015-11-18,45555300.0,37979570.0,27584020.0,115.2,111.38,114.92,115.57,114.24,115.05,112.27,111.0,113.32,115.76
2017-01-13,24432660.0,27453130.0,27057550.0,118.77,118.74,118.9,119.38,119.93,119.3,118.3,118.6,118.21,119.11
2017-01-03,20686510.0,14979680.0,30555900.0,117.52,116.45,116.65,118.02,117.11,117.2,116.2,116.4,115.43,115.8
2016-07-21,36464530.0,23766360.0,26219110.0,98.7,99.56,100.0,100.13,100.0,100.46,98.6,99.34,99.74,99.83
2016-09-26,35951900.0,31048170.0,52411070.0,113.85,114.35,114.42,113.99,114.94,114.79,112.44,114.0,111.55,111.64
2019-12-23,29024690.0,24626950.0,69032740.0,279.8,279.5,282.23,281.9,281.18,282.65,279.12,278.95,278.56,280.53
2017-02-28,20762360.0,21754600.0,20222210.0,137.38,135.91,137.14,137.48,136.66,137.44,136.3,135.28,136.28,137.08
2020-05-05,45765970.0,60154180.0,33391990.0,289.96,286.25,289.17,294.53,299.0,293.69,288.35,285.85,286.32,295.06
2018-11-09,31774720.0,33291640.0,25289270.0,201.92,205.97,209.98,204.72,210.06,210.12,201.69,204.13,206.75,205.55
2015-09-11,54507300.0,84757780.0,62800770.0,111.65,113.76,110.27,112.56,114.02,113.28,110.32,109.77,109.9,111.79
2016-05-10,35850220.0,43665160.0,32895650.0,94.0,93.37,93.0,94.07,93.45,93.77,92.68,91.85,92.59,93.33
2018-11-29,44662320.0,41156140.0,45941750.0,174.24,171.51,176.73,174.95,174.77,181.29,170.26,170.88,174.93,182.66
2018-12-13,61759000.0,45968040.0,35474680.0,165.0,171.66,170.4,170.09,171.79,171.92,163.33,167.0,169.02,170.49
2019-03-13,23985960.0,31123000.0,32416800.0,170.32,175.49,180.0,173.07,179.12,182.67,169.5,175.35,179.37,182.25
2017-11-21,23598650.0,21884010.0,16041550.0,171.18,171.04,170.29,171.87,171.39,170.56,170.3,169.64,169.56,170.78
2020-06-25,33861320.0,53038870.0,48155850.0,351.34,364.0,365.0,359.46,372.38,368.79,351.15,362.27,358.52,360.7
2017-07-28,18798250.0,15649120.0,32429770.0,151.8,153.35,153.75,153.84,153.93,153.99,151.8,153.06,147.3,149.89
2016-08-29,23606240.0,25001730.0,27744300.0,108.57,107.39,107.41,108.75,107.88,107.95,107.68,106.68,106.31,106.62
2019-04-08,23243160.0,19090050.0,18473070.0,193.25,194.79,196.45,196.5,196.37,197.1,193.15,193.14,195.93,196.42
2015-10-22,29723750.0,48929200.0,42276880.0,110.8,111.34,114.0,111.75,114.17,115.58,110.11,110.82,113.7,114.33
2017-10-03,21983410.0,26204670.0,18631540.0,153.89,153.21,154.26,154.28,154.13,154.45,152.7,152.0,152.72,154.01
2016-03-30,25568350.0,19354440.0,31154910.0,105.47,106.0,104.89,106.25,106.19,107.79,104.89,105.06,104.88,108.65
2020-03-19,80605870.0,81013970.0,75058410.0,241.95,247.51,239.77,259.08,257.61,250.0,240.0,238.4,237.12,247.39
2020-05-26,27876220.0,25672210.0,20450750.0,316.68,318.66,315.77,319.52,320.89,319.23,316.2,315.87,315.35,323.5
2017-06-27,19082170.0,35421310.0,25674500.0,145.77,145.13,147.17,146.7,147.16,148.28,145.12,145.11,145.38,145.01
2015-12-28,32728460.0,32618140.0,13596680.0,107.4,107.27,109.0,107.72,108.85,109.0,106.45,107.2,107.95,107.59
2016-09-09,26645130.0,42250480.0,52955310.0,107.9,107.83,107.25,108.3,108.76,107.27,107.51,107.07,105.24,104.64
2015-10-29,66139770.0,67673450.0,85436210.0,118.08,115.4,116.93,118.13,116.54,119.3,114.92,113.99,116.06,118.7
2015-09-21,37080720.0,63712340.0,73991000.0,116.25,115.66,112.21,116.54,116.49,114.3,115.44,113.72,111.87,113.67
2019-08-26,21564750.0,22267820.0,46882840.0,212.99,213.19,209.43,213.65,214.44,212.05,211.6,210.75,201.0,205.86
2018-06-26,25649240.0,27185130.0,31632320.0,187.25,186.12,183.4,188.35,186.15,184.92,184.94,184.7,180.73,182.99
2016-11-03,26378910.0,43403760.0,28174980.0,113.65,113.46,111.4,114.23,113.77,112.35,113.2,110.53,111.23,110.98
2017-10-24,42357420.0,23907540.0,21888930.0,156.75,156.61,156.89,157.08,157.75,157.69,155.02,155.96,155.5,156.29
2017-10-06,16216800.0,20088940.0,21215870.0,154.01,153.63,154.18,155.09,153.86,155.44,153.91,152.46,154.05,154.97
2019-06-13,26220850.0,26932880.0,18253190.0,191.81,194.86,193.95,195.37,196.0,195.97,191.62,193.6,193.39,194.7
2020-04-14,42223820.0,40529120.0,32755730.0,262.74,268.7,268.31,267.37,270.07,273.7,261.23,264.7,265.83,280.0
2017-02-27,20769030.0,20762360.0,21754600.0,136.43,137.38,135.91,137.12,137.48,136.66,136.11,136.3,135.28,137.14
2020-06-26,53038870.0,48155850.0,34380630.0,364.0,365.0,360.7,372.38,368.79,365.0,362.27,358.52,357.57,364.41
2019-10-17,24413480.0,23040480.0,19286690.0,234.9,236.39,233.37,238.13,237.65,235.24,234.67,234.88,233.2,235.09
2016-09-01,24900130.0,24817940.0,31639010.0,106.62,105.8,105.66,107.44,106.5,106.57,106.29,105.5,105.64,106.14
2017-08-10,21827400.0,36127490.0,26060430.0,157.06,158.6,159.26,158.92,161.83,161.27,156.67,158.27,159.11,159.9
2016-02-26,31851180.0,36192150.0,27526040.0,96.4,93.98,96.05,96.5,96.38,96.76,94.55,93.32,95.25,97.2
2016-11-10,32361930.0,24129630.0,59118740.0,110.08,110.31,109.88,110.51,111.72,111.32,109.46,109.7,108.05,111.09
2017-06-30,24725210.0,22052920.0,31450520.0,145.01,144.49,144.71,146.16,146.11,145.13,143.62,143.16,142.28,144.45
2015-09-17,58279570.0,43218350.0,37080720.0,116.58,115.93,116.25,116.89,116.53,116.54,114.86,114.42,115.44,115.66
2018-11-28,23623970.0,44662320.0,41156140.0,174.94,174.24,171.51,176.6,174.95,174.77,172.1,170.26,170.88,176.73
2017-05-12,38907940.0,25779060.0,27236290.0,153.87,153.63,152.45,154.88,153.94,154.07,153.45,152.11,152.31,154.7
2017-04-10,27649500.0,21131040.0,16658660.0,144.22,144.29,143.73,145.46,144.52,144.18,143.81,143.45,143.27,143.6
2016-03-28,32345430.0,25686350.0,25568350.0,105.25,106.48,105.47,107.29,107.07,106.25,105.21,105.9,104.89,106.0
2019-02-28,21846400.0,16991610.0,27817640.0,174.16,173.71,173.21,175.87,175.3,175.0,173.95,173.17,172.73,174.32
2019-07-01,26067510.0,20899720.0,31110640.0,197.77,200.29,198.68,200.99,201.57,199.5,197.35,199.57,197.05,203.17
2017-03-20,25676720.0,19173780.0,43700570.0,139.41,140.72,141.0,140.75,141.02,141.0,139.03,140.26,139.89,140.4
2016-10-25,24100150.0,22527690.0,23492650.0,116.86,116.81,117.1,117.38,116.91,117.74,116.33,116.28,117.0,117.95
2016-11-30,11475920.0,27054320.0,28507780.0,111.13,111.43,110.78,111.87,112.47,112.03,110.95,111.39,110.07,111.6
2017-04-21,14676420.0,17302160.0,23294040.0,141.41,141.88,141.22,142.04,142.0,142.92,141.11,140.45,141.16,142.44
2015-08-06,69639900.0,123601900.0,99202400.0,121.5,117.42,112.95,122.57,117.7,117.44,117.52,113.25,112.1,115.97
2019-12-09,16810390.0,18661340.0,26547490.0,261.07,263.79,267.48,263.31,265.89,271.0,260.68,262.73,267.3,270.0
2018-04-23,20544600.0,34693280.0,65270950.0,177.81,174.95,170.6,178.82,175.39,171.22,176.88,172.66,165.43,166.84
2020-03-02,49678430.0,80151380.0,106721200.0,286.53,281.1,257.26,297.88,286.0,278.41,286.5,272.96,256.37,282.28
2016-11-22,27623150.0,28310840.0,29164190.0,109.81,109.72,110.12,110.35,110.54,111.99,108.83,109.66,110.01,111.95
2018-09-17,49118510.0,41411350.0,31801970.0,224.94,223.52,225.75,225.0,228.35,226.84,219.84,222.57,222.52,222.15
2016-10-07,29707270.0,21400410.0,28508710.0,113.06,113.4,113.7,114.31,113.66,114.34,112.63,112.69,113.13,114.31
2018-10-29,39992120.0,29027340.0,47191700.0,222.6,217.71,215.9,224.23,221.38,220.19,214.54,216.75,212.67,219.19
2017-04-27,17117710.0,18325720.0,19998050.0,143.5,143.91,144.47,143.95,144.9,144.6,143.18,143.87,143.38,143.92
2016-03-16,27368840.0,25058280.0,40026250.0,102.24,101.91,103.96,102.28,102.91,105.18,101.5,101.78,103.85,104.61
2020-07-07,27684310.0,28510370.0,29663910.0,365.12,367.85,370.0,367.36,370.47,375.78,363.91,363.64,369.87,375.41
2016-01-22,52960810.0,72274300.0,52099200.0,98.41,95.1,97.06,98.65,98.19,97.88,95.5,93.42,94.94,98.63
2020-01-27,25458120.0,26117990.0,36634380.0,318.58,317.92,320.25,319.99,319.56,323.33,317.31,315.65,317.52,310.06
2019-07-08,16935220.0,11362050.0,17265520.0,201.41,203.28,203.35,203.13,204.44,205.08,201.36,202.69,202.9,200.81
2015-11-02,85436210.0,51106100.0,49305220.0,116.93,118.7,120.99,119.3,120.69,121.22,116.06,118.27,119.45,119.87
2019-04-10,18473070.0,25829880.0,35738280.0,196.45,196.42,200.32,197.1,200.23,202.85,195.93,196.34,199.23,198.68
2016-11-23,28310840.0,29164190.0,25931710.0,109.72,110.12,111.95,110.54,111.99,112.42,109.66,110.01,111.4,111.36
2017-02-07,33671250.0,24460160.0,26784530.0,127.98,128.31,129.13,129.39,129.19,130.5,127.78,128.16,128.9,130.54
2017-01-27,23191150.0,32417410.0,26320740.0,119.55,120.42,121.67,120.1,122.1,122.44,119.5,120.28,121.6,122.14
2017-01-23,23687350.0,25554290.0,29922650.0,120.0,119.4,120.45,120.5,120.09,120.45,119.71,119.37,119.73,120.0
2015-12-31,26639930.0,30912260.0,25184090.0,107.59,106.96,108.58,107.69,109.43,108.7,106.18,106.86,107.18,107.01
2019-01-08,91106840.0,57423650.0,54571440.0,143.98,144.53,148.7,145.72,148.55,148.83,142.0,143.8,145.9,149.56
2019-05-06,64827330.0,31996320.0,20892380.0,209.88,209.84,210.89,215.31,212.65,211.84,209.23,208.13,210.23,204.29
2016-06-09,23265200.0,22378380.0,20839950.0,97.99,99.25,99.02,101.89,99.87,99.56,97.55,98.96,98.68,98.5
2019-09-30,22481010.0,19088310.0,25361290.0,218.55,220.0,220.54,221.5,220.94,220.96,217.14,218.83,217.28,220.9
2015-08-12,38610120.0,54851010.0,96820670.0,114.58,116.53,117.81,116.25,119.99,118.18,114.5,116.53,113.33,112.53
2019-05-20,26544720.0,33031360.0,32879090.0,186.27,189.91,186.93,191.75,192.47,190.9,186.02,188.84,186.76,183.52
2018-08-27,18965930.0,18505780.0,18457720.0,214.1,214.65,216.6,216.36,217.05,216.9,213.84,214.6,215.11,217.15
2016-07-11,30877540.0,24460850.0,28877500.0,94.6,95.7,96.49,95.66,96.5,96.89,94.37,95.62,96.05,96.75
2016-06-29,75219710.0,45595680.0,40387960.0,92.91,93.0,92.9,94.66,93.05,93.66,92.65,91.5,92.14,93.97
2018-11-21,36191330.0,41626820.0,67678680.0,190.5,190.0,178.37,194.97,190.7,181.47,189.46,184.99,175.51,179.73
2015-09-01,83825220.0,53075960.0,56111590.0,112.23,112.17,112.03,113.24,113.31,114.53,110.02,111.54,112.0,110.15
2019-05-31,27948160.0,28481170.0,21218410.0,178.92,176.42,177.95,180.59,179.35,179.23,177.91,176.0,176.67,176.23
2018-03-13,24518850.0,32130360.0,32191070.0,175.48,177.96,180.29,177.12,180.0,182.39,175.07,177.39,180.21,182.59
2017-07-18,25080500.0,20117070.0,23765710.0,145.5,147.97,148.82,148.49,149.33,150.9,145.44,147.33,148.57,149.2
2019-08-08,52392970.0,35824790.0,33364400.0,197.99,196.31,195.41,198.65,198.07,199.56,192.58,194.04,193.82,200.2
2019-07-17,17595210.0,16947420.0,16866820.0,202.45,204.09,204.59,204.0,205.87,206.11,202.2,204.0,203.5,204.05
2015-12-16,46810020.0,64678220.0,53168580.0,115.19,112.18,111.94,115.39,112.68,112.8,112.85,109.79,110.35,111.07
2017-01-12,33420290.0,24432660.0,27453130.0,117.95,118.77,118.74,119.43,119.38,119.93,117.94,118.3,118.6,118.9
2017-12-18,23402510.0,20442740.0,40122100.0,172.5,172.4,173.63,173.54,173.13,174.17,172.0,171.65,172.46,174.88
2017-12-04,41459120.0,41484540.0,39735110.0,172.63,170.43,169.95,172.92,172.14,171.67,167.16,168.44,168.5,172.48
2018-01-08,29461040.0,22342650.0,23589930.0,172.53,172.54,173.44,174.55,173.47,175.37,171.96,172.08,173.05,174.35
2018-02-26,37378070.0,30953760.0,33772050.0,172.83,171.8,173.67,174.12,173.95,175.65,171.01,171.71,173.54,176.35
2017-11-01,44387770.0,44651420.0,35779520.0,159.29,163.89,167.9,163.6,168.07,169.65,158.7,163.72,166.94,169.87
2016-03-17,25058280.0,40026250.0,38236730.0,101.91,103.96,104.61,102.91,105.18,106.31,101.78,103.85,104.59,105.52
2018-03-21,38313330.0,32931110.0,19620520.0,178.65,177.32,175.24,179.12,177.47,176.8,177.62,173.66,174.94,175.04
2016-06-22,60793260.0,34355970.0,35407050.0,96.62,96.0,94.94,96.65,96.57,96.35,95.3,95.03,94.68,96.25
2018-10-16,52902320.0,39494770.0,30280450.0,214.52,220.42,221.16,219.5,222.88,221.83,212.32,216.84,217.27,218.93
2019-03-28,43751810.0,49696100.0,29771210.0,191.51,191.66,188.75,191.98,192.88,189.76,186.6,184.58,186.55,188.95
2020-06-04,20254650.0,21910700.0,26122800.0,317.75,320.75,324.66,322.35,323.44,326.2,317.21,318.93,322.3,324.39
2016-10-19,35626020.0,23583810.0,24308210.0,117.88,117.33,118.18,118.17,117.84,118.21,117.13,116.78,117.45,117.25
2020-06-08,26122800.0,21890090.0,34312550.0,324.66,324.39,323.35,326.2,325.62,331.75,322.3,320.78,323.23,330.25
2016-02-24,35290570.0,34240470.0,31851180.0,96.0,96.31,96.4,96.76,96.9,96.5,95.8,95.92,94.55,93.98
2018-01-03,16412270.0,25938760.0,25400540.0,171.0,170.52,170.16,171.85,170.59,172.3,170.48,169.22,169.26,172.53
2016-01-29,71937310.0,133059000.0,55622370.0,99.93,96.04,93.79,100.88,96.63,94.52,98.07,93.34,92.39,94.79
2016-01-11,68384270.0,80742460.0,70722000.0,100.56,98.68,98.55,102.37,100.13,99.11,99.87,96.43,96.76,98.97
2017-05-04,33498270.0,44182930.0,45579740.0,145.1,147.54,145.59,147.2,148.09,147.49,144.96,146.84,144.27,146.52
2015-10-15,30386830.0,32970790.0,44434220.0,112.73,110.82,111.29,112.75,112.45,111.52,111.44,110.68,109.56,110.93
2019-12-02,26334880.0,16386120.0,11654360.0,266.94,265.58,266.6,267.16,267.98,268.0,262.5,265.31,265.9,267.27
2018-01-05,25400540.0,29461040.0,22342650.0,170.16,172.53,172.54,172.3,174.55,173.47,169.26,171.96,172.08,173.44
2017-12-05,41484540.0,39735110.0,32512580.0,170.43,169.95,172.48,172.14,171.67,172.62,168.44,168.5,169.63,169.06
2019-07-26,18355210.0,14991570.0,13909560.0,208.46,207.67,208.89,208.91,209.15,209.24,207.29,207.17,206.73,207.48
2019-03-20,39017490.0,26148590.0,31440300.0,184.85,185.8,188.35,187.33,188.39,188.99,183.74,185.79,185.92,186.23
2016-03-29,25686350.0,25568350.0,19354440.0,106.48,105.47,106.0,107.07,106.25,106.19,105.9,104.89,105.06,104.89
2019-08-23,26919530.0,21564750.0,22267820.0,210.88,212.99,213.19,213.35,213.65,214.44,210.32,211.6,210.75,209.43
2017-03-07,26170690.0,21555370.0,21229890.0,140.0,138.78,139.37,140.28,139.83,139.77,138.76,138.59,138.6,139.06
2015-12-03,38063130.0,34806250.0,33316990.0,117.99,118.75,117.05,119.41,118.81,118.11,117.75,116.86,116.08,116.55
2018-09-21,31495630.0,26869880.0,26388050.0,217.79,218.5,220.24,221.85,219.62,222.28,217.12,215.3,219.15,220.78
2019-04-05,22727370.0,23243160.0,19090050.0,191.09,193.25,194.79,194.46,196.5,196.37,191.05,193.15,193.14,196.45
2016-11-07,28174980.0,26538700.0,30790930.0,111.4,110.98,108.53,112.35,111.46,110.25,111.23,109.55,108.11,110.08
2015-12-23,96197190.0,47507230.0,32728460.0,108.91,107.28,107.4,109.52,107.37,107.72,105.81,105.57,106.45,107.27
2018-03-27,41335980.0,40984540.0,36778560.0,170.0,168.39,168.07,172.68,169.92,173.1,168.6,164.94,166.44,173.68
2016-05-26,37977020.0,35074380.0,38258300.0,95.87,97.22,98.67,97.19,98.09,99.74,95.67,96.84,98.11,99.68
2017-01-31,26320740.0,20495340.0,30327110.0,121.67,122.14,120.93,122.44,122.35,121.63,121.6,121.6,120.66,121.15
2020-02-06,43496400.0,34154130.0,29706720.0,304.3,315.31,323.52,313.49,319.64,324.76,302.22,313.63,318.95,322.57
2016-10-03,29608390.0,35850010.0,36340670.0,113.69,113.16,112.46,114.64,113.8,113.37,113.43,111.8,111.8,112.71
2019-11-13,17520500.0,20507460.0,21847230.0,258.69,258.3,261.55,260.44,262.47,262.79,256.85,258.28,260.92,261.13
2020-03-06,79868850.0,54794570.0,46893220.0,303.67,296.44,295.52,304.0,303.4,299.55,285.8,293.13,291.41,282.0
2017-08-15,39636190.0,26208970.0,22074760.0,159.9,156.6,159.32,160.0,158.57,160.21,154.63,156.07,158.75,160.66
2018-07-02,24987260.0,17352380.0,22551660.0,185.23,184.1,186.29,187.28,186.21,187.19,184.03,183.8,182.91,183.82
2016-07-01,40387960.0,36505420.0,35783320.0,92.9,93.97,94.44,93.66,94.55,95.77,92.14,93.63,94.3,95.49
2018-04-03,41464880.0,38116290.0,37425640.0,167.25,167.81,167.88,170.02,171.75,168.94,165.19,166.9,164.47,167.64
2017-08-02,17192770.0,19690420.0,33669020.0,149.89,149.9,149.1,150.23,150.33,150.22,149.19,148.13,148.41,159.28
2018-10-24,32874330.0,28751540.0,38681170.0,218.06,219.79,215.83,221.26,223.36,223.25,217.43,218.94,214.7,222.6
2020-05-28,20450750.0,31380450.0,28236270.0,315.77,323.5,316.14,319.23,324.24,318.71,315.35,316.5,313.09,316.77
2017-02-03,47767760.0,111837300.0,33671250.0,121.15,127.03,127.98,121.39,130.49,129.39,120.62,127.01,127.78,128.31
2018-01-26,32395870.0,51368540.0,41438280.0,177.3,177.25,174.51,179.44,177.3,174.95,176.82,173.2,170.53,172.0
2015-12-09,57717870.0,32063100.0,34275420.0,115.29,118.98,117.52,119.25,119.86,118.6,115.11,117.81,116.86,117.64
2019-04-04,27308200.0,22727370.0,23243160.0,191.64,191.09,193.25,191.68,194.46,196.5,188.38,191.05,193.15,194.79
2019-12-04,11654360.0,23693550.0,29377270.0,266.6,267.27,258.31,268.0,268.25,259.53,265.9,263.45,256.29,261.07
2019-02-12,31644240.0,23793830.0,20940020.0,172.4,168.99,171.05,173.94,170.66,171.21,170.34,168.42,169.25,170.1
2015-09-24,46594220.0,50278030.0,35678360.0,113.67,113.38,113.63,115.37,114.18,114.72,113.66,112.52,113.3,113.25
2017-11-30,20591090.0,26387240.0,41459120.0,175.05,174.3,172.63,175.08,174.87,172.92,173.34,171.86,167.16,170.43
2016-12-06,37034520.0,26481320.0,34113880.0,110.37,109.17,110.0,110.94,110.09,110.03,109.03,108.85,108.25,109.5
2020-03-12,71686210.0,71322520.0,64094970.0,263.75,277.14,277.39,278.09,286.44,281.22,263.0,269.37,271.86,255.94
2017-05-10,27254850.0,48670440.0,38907940.0,146.76,149.03,153.87,148.98,153.7,154.88,146.76,149.03,153.45,153.63
2015-08-13,54851010.0,96820670.0,101593400.0,116.53,117.81,112.53,119.99,118.18,115.42,116.53,113.33,109.63,116.04
2017-01-05,30555900.0,28769220.0,21081620.0,116.65,115.8,115.85,117.2,116.33,116.51,115.43,114.76,115.75,115.92
2017-08-30,25184600.0,25649890.0,29451050.0,159.65,160.14,160.1,160.56,162.0,163.12,159.27,159.93,160.0,163.8
2016-05-24,30417880.0,31834020.0,37977020.0,94.64,94.64,95.87,94.64,95.43,97.19,93.57,94.52,95.67,97.22
2017-11-06,33482970.0,39668100.0,59332210.0,169.87,167.64,174.0,169.94,168.5,174.26,165.61,165.28,171.12,172.37
2018-07-18,12506830.0,15009800.0,15515000.0,191.08,191.52,189.75,191.84,192.65,191.87,190.9,190.42,189.2,191.78
2019-10-01,19088310.0,25361290.0,26318580.0,220.0,220.54,220.9,220.94,220.96,224.58,218.83,217.28,220.79,225.07
2018-10-03,22560440.0,23171020.0,24435010.0,224.79,227.95,227.25,225.84,229.42,230.0,224.02,226.35,226.63,230.05
2017-03-06,36362440.0,26170690.0,21555370.0,137.89,140.0,138.78,140.15,140.28,139.83,137.6,138.76,138.59,139.37
2016-05-05,47844490.0,56770080.0,40984160.0,93.97,94.2,95.2,94.08,95.74,95.9,92.4,93.68,93.82,94.0
2019-07-22,14107450.0,18582160.0,20929310.0,204.05,204.0,205.79,205.09,205.88,206.5,203.27,203.7,202.36,203.65
2017-07-03,22052920.0,31450520.0,22986960.0,144.49,144.71,144.45,146.11,145.13,144.96,143.16,142.28,143.78,144.88
2017-07-31,15649120.0,32429770.0,17192770.0,153.35,153.75,149.89,153.93,153.99,150.23,153.06,147.3,149.19,149.9
2018-04-26,36396590.0,33674960.0,28331540.0,166.84,165.67,162.62,166.92,166.33,165.42,164.09,161.22,162.41,164.12
2018-03-20,22676520.0,38313330.0,32931110.0,178.5,178.65,177.32,180.24,179.12,177.47,178.07,177.62,173.66,175.24
2017-01-06,28769220.0,21081620.0,22115100.0,115.8,115.85,115.92,116.33,116.51,116.86,114.76,115.75,115.81,116.78
2016-04-07,37322930.0,26560420.0,26178840.0,110.42,109.51,110.23,112.19,110.73,110.98,110.27,109.42,109.2,109.95
2017-02-17,33054500.0,35578640.0,22539860.0,133.47,135.52,135.67,135.09,136.27,135.9,133.25,134.62,134.84,135.1
2018-05-02,35617230.0,41976500.0,52228910.0,164.0,162.13,166.41,164.33,167.26,169.2,160.63,161.84,165.27,175.23
2018-11-08,66072170.0,31774720.0,33291640.0,204.3,201.92,205.97,204.39,204.72,210.06,198.17,201.69,204.13,209.98
2017-02-14,28321440.0,20046250.0,22989980.0,131.65,132.46,133.08,132.45,132.94,133.82,131.12,132.05,132.75,133.47
2018-09-04,27074260.0,48696960.0,43177540.0,220.15,223.25,226.51,223.49,228.26,228.87,219.41,222.4,226.0,228.41
2019-06-17,18253190.0,21674630.0,18761470.0,193.95,194.7,191.55,195.97,196.79,193.59,193.39,193.6,190.3,192.9
2017-04-12,16658660.0,18904680.0,30341520.0,143.73,143.6,142.94,144.18,143.88,143.35,143.27,142.9,140.06,141.6
2016-01-21,79356010.0,52960810.0,72274300.0,96.2,98.41,95.1,97.71,98.65,98.19,95.36,95.5,93.42,97.06
2018-06-27,27185130.0,31632320.0,24378480.0,186.12,183.4,182.99,186.15,184.92,186.53,184.7,180.73,182.54,185.23
2016-03-21,38236730.0,34394830.0,43607120.0,104.61,105.52,106.34,106.31,106.47,106.5,104.59,104.96,105.19,105.93
2018-04-10,26750260.0,34949690.0,28976200.0,172.58,170.97,169.88,174.23,172.48,173.09,172.08,168.2,169.85,173.0
2017-03-24,39461130.0,25804820.0,20299310.0,142.11,139.85,141.26,142.8,141.6,141.58,139.73,139.76,140.61,141.5
2018-11-15,50991030.0,46725710.0,60547340.0,199.0,191.63,193.9,199.85,197.18,194.48,193.79,191.45,185.93,188.39
2020-06-09,21890090.0,34312550.0,23913630.0,324.39,323.35,330.25,325.62,331.75,333.6,320.78,323.23,327.32,332.14
2019-10-23,24377170.0,22367480.0,22684000.0,234.59,237.52,241.16,237.58,240.99,242.2,234.29,237.32,239.62,242.1
2018-05-18,23639070.0,19046600.0,17014490.0,186.78,186.07,188.0,187.07,188.46,188.91,185.1,186.0,186.36,187.19
2019-04-11,25829880.0,35738280.0,21654750.0,196.42,200.32,198.68,200.23,202.85,200.74,196.34,199.23,198.18,200.85
2015-11-27,32445680.0,42747950.0,21341960.0,119.27,117.33,119.21,119.73,119.35,119.23,117.34,117.12,117.92,118.29
2019-01-11,40622910.0,45034370.0,35661200.0,149.56,151.29,152.5,151.82,154.53,153.97,148.52,149.63,150.86,152.88
2018-01-19,29512410.0,34260230.0,31087330.0,177.9,176.15,179.37,179.39,179.25,180.1,176.14,175.07,178.25,178.61
2018-06-18,21480120.0,21584720.0,61438290.0,192.42,191.55,190.03,192.88,191.57,190.16,190.44,190.22,188.26,187.88
2017-07-06,22986960.0,14277850.0,21550270.0,144.45,144.88,143.69,144.96,145.3,144.79,143.78,143.1,142.72,143.02
2015-10-27,41430660.0,59251740.0,66139770.0,114.33,116.7,118.08,115.5,119.23,118.13,114.1,116.33,114.92,115.4
2015-11-17,32461350.0,45555300.0,37979570.0,116.26,115.2,111.38,116.82,115.57,114.24,115.65,112.27,111.0,114.92
2019-02-19,22389660.0,21785180.0,24603320.0,171.39,169.71,171.25,172.48,171.26,171.7,169.92,169.38,169.75,169.71
2018-04-11,34949690.0,28976200.0,28567110.0,170.97,169.88,173.0,172.48,173.09,174.0,168.2,169.85,171.53,172.23
2019-02-07,31384720.0,36054570.0,28204640.0,167.41,172.86,174.65,171.66,175.08,175.57,167.28,172.35,172.85,172.4
2015-07-14,78291510.0,61292800.0,41365600.0,123.85,121.94,125.03,124.06,123.85,125.76,119.22,121.21,124.32,126.04
2017-09-28,44366140.0,35907770.0,25402270.0,149.99,151.78,153.8,151.83,153.92,154.72,149.16,151.69,153.54,153.89
2018-03-29,36778560.0,39824200.0,41464880.0,168.07,173.68,167.25,173.1,175.15,170.02,166.44,166.92,165.19,167.81
2017-02-01,20495340.0,30327110.0,47767760.0,122.14,120.93,121.15,122.35,121.63,121.39,121.6,120.66,120.62,127.03
2017-06-02,20118620.0,24452750.0,16383610.0,153.42,153.97,153.17,154.43,154.17,153.33,153.33,152.38,152.22,153.58
2019-12-06,29377270.0,16810390.0,18661340.0,258.31,261.07,263.79,259.53,263.31,265.89,256.29,260.68,262.73,267.48
2017-08-03,19690420.0,33669020.0,69726440.0,149.9,149.1,159.28,150.33,150.22,159.75,148.13,148.41,156.16,157.05
2015-12-14,46301930.0,29158640.0,46810020.0,117.64,116.04,115.19,117.69,116.94,115.39,115.08,115.51,112.85,112.18
2016-11-25,29164190.0,25931710.0,27420550.0,110.12,111.95,111.36,111.99,112.42,111.51,110.01,111.4,110.33,111.13
2019-09-20,18386470.0,25643090.0,22187880.0,219.96,221.06,222.01,220.82,222.85,223.76,219.12,219.44,220.37,221.38
2019-04-26,23286380.0,17427570.0,18463850.0,204.43,207.36,206.83,207.75,208.48,207.76,203.9,207.05,205.12,204.9
2016-06-01,56293490.0,36299460.0,42268040.0,99.68,99.44,99.6,100.73,100.47,100.4,98.64,99.25,98.82,99.02
2019-05-03,45751160.0,64827330.0,31996320.0,203.06,209.88,209.84,203.4,215.31,212.65,199.11,209.23,208.13,210.89
2016-10-27,23492650.0,46820600.0,66028640.0,117.1,117.95,114.31,117.74,118.36,115.7,117.0,117.31,113.31,115.39
2015-12-07,33316990.0,41511380.0,57717870.0,117.05,116.55,115.29,118.11,116.79,119.25,116.08,114.22,115.11,118.98
2019-08-29,26066130.0,25897340.0,15957630.0,205.86,207.86,204.1,207.19,208.55,205.72,205.06,203.53,203.32,208.5
2017-12-27,20848660.0,16339690.0,33113340.0,174.17,174.68,170.8,176.02,175.42,171.47,174.1,174.5,169.68,170.1
2017-06-01,21895020.0,20118620.0,24452750.0,154.0,153.42,153.97,154.24,154.43,154.17,153.31,153.33,152.38,153.17
2016-05-17,76183460.0,44223040.0,61192340.0,92.72,90.0,92.39,92.78,91.67,94.39,89.47,90.0,91.65,94.55
2018-05-03,41976500.0,52228910.0,66454720.0,162.13,166.41,175.23,167.26,169.2,177.75,161.84,165.27,173.8,175.88
2016-01-26,52099200.0,65648660.0,51529980.0,97.06,98.63,101.52,97.88,101.46,101.53,94.94,98.37,99.21,99.93
2016-07-05,36505420.0,35783320.0,25982080.0,93.97,94.44,95.49,94.55,95.77,96.47,93.63,94.3,95.33,95.39
2020-06-11,23913630.0,36928090.0,41662940.0,330.25,332.14,347.9,333.6,345.61,354.77,327.32,332.01,346.09,349.31
2019-06-28,21070330.0,26067510.0,20899720.0,198.43,197.77,200.29,199.26,200.99,201.57,195.29,197.35,199.57,198.68
2020-01-03,36059610.0,25247630.0,33911860.0,289.46,289.93,296.24,292.69,293.68,300.6,285.22,289.52,295.19,297.15
2019-05-02,22010360.0,45751160.0,64827330.0,204.4,203.06,209.88,205.97,203.4,215.31,203.86,199.11,209.23,209.84
2019-09-13,31777930.0,44289650.0,32226670.0,213.86,218.07,224.8,216.78,223.71,226.42,211.71,217.73,222.86,220.0
2019-03-25,31003380.0,50943120.0,42287640.0,186.23,190.02,195.34,189.49,196.33,197.69,184.73,189.81,190.78,191.51
2019-02-26,17154540.0,18890250.0,21846400.0,171.8,171.58,174.16,172.37,173.0,175.87,170.3,171.38,173.95,173.71
2016-12-21,44284660.0,27756760.0,21337310.0,116.47,115.8,116.74,116.5,117.38,117.5,115.65,115.75,116.68,116.8
2016-07-07,25982080.0,27553750.0,30877540.0,95.49,95.39,94.6,96.47,95.4,95.66,95.33,94.46,94.37,95.7
2018-06-14,18069930.0,16859020.0,21480120.0,191.35,191.39,192.42,191.97,192.61,192.88,190.21,191.15,190.44,191.55
2015-08-19,42876370.0,40827260.0,34525630.0,114.32,116.04,116.43,116.31,117.65,117.44,114.01,115.5,116.01,116.1
2020-03-25,100423300.0,84188210.0,71882770.0,247.18,228.08,236.36,251.83,228.5,247.69,228.0,212.61,234.3,250.75
2017-03-09,21229890.0,17439210.0,18695500.0,139.37,139.06,138.95,139.77,139.98,139.8,138.6,138.79,138.82,138.74
2018-11-13,25289270.0,34317760.0,50991030.0,209.98,205.55,199.0,210.12,206.01,199.85,206.75,202.25,193.79,191.63
2018-03-26,36387880.0,41335980.0,40984540.0,175.04,170.0,168.39,175.09,172.68,169.92,171.26,168.6,164.94,168.07
2020-07-02,32661520.0,35055820.0,27684310.0,353.25,360.08,365.12,362.17,365.98,367.36,351.28,360.0,363.91,367.85
2015-07-17,31695870.0,33559770.0,35987630.0,126.04,125.72,127.74,126.37,127.15,128.57,125.04,125.58,127.35,129.08
2016-01-25,72274300.0,52099200.0,65648660.0,95.1,97.06,98.63,98.19,97.88,101.46,93.42,94.94,98.37,101.52
2016-12-07,26481320.0,34113880.0,26160560.0,109.17,110.0,109.5,110.09,110.03,110.36,108.85,108.25,109.19,109.26
2016-09-08,26393770.0,26645130.0,42250480.0,107.7,107.9,107.83,108.0,108.3,108.76,106.82,107.51,107.07,107.25
2018-04-20,26575010.0,20544600.0,34693280.0,176.49,177.81,174.95,178.94,178.82,175.39,176.41,176.88,172.66,170.6
2019-11-06,37781330.0,25817950.0,19974430.0,249.54,257.33,257.05,255.93,257.85,258.19,249.16,255.38,256.32,256.77
2019-10-09,34755550.0,30889270.0,29282700.0,225.64,226.27,225.82,227.49,229.93,228.06,223.89,225.84,224.33,227.03
2020-04-30,29271890.0,28001190.0,34320200.0,281.8,285.08,284.73,284.54,285.83,289.67,279.95,278.2,283.89,289.96
2018-11-05,38016810.0,52954070.0,91046560.0,216.88,219.05,209.55,220.45,222.36,213.65,216.62,216.81,205.43,204.3
2019-03-22,31440300.0,31003380.0,50943120.0,188.35,186.23,190.02,188.99,189.49,196.33,185.92,184.73,189.81,195.34
2016-06-08,28487570.0,23265200.0,22378380.0,97.79,97.99,99.25,98.27,101.89,99.87,97.45,97.55,98.96,99.02
2018-01-31,39075250.0,50565420.0,45635470.0,172.0,170.16,165.53,172.0,170.16,167.37,170.06,167.07,164.7,166.87
2016-06-03,42268040.0,29139100.0,40170200.0,99.6,99.02,97.6,100.4,99.54,97.84,98.82,98.33,96.63,97.79
2016-06-06,29139100.0,40170200.0,28487570.0,99.02,97.6,97.79,99.54,97.84,98.27,98.33,96.63,97.45,97.99
2016-12-28,26043820.0,14244050.0,18131970.0,116.35,115.59,116.52,116.51,116.52,117.8,115.64,115.59,116.49,117.52
2019-08-06,54017920.0,40862120.0,52392970.0,213.9,205.53,197.99,218.03,206.43,198.65,206.74,201.63,192.58,196.31
2016-11-14,59118740.0,57097740.0,34117030.0,109.88,111.09,107.12,111.32,111.09,108.87,108.05,105.83,106.55,107.71
2017-03-13,18695500.0,22117750.0,19578920.0,138.95,138.74,139.25,139.8,138.79,139.36,138.82,137.05,138.64,138.85
2019-10-18,23040480.0,19286690.0,17272900.0,236.39,233.37,235.09,237.65,235.24,236.15,234.88,233.2,233.52,234.59
2017-12-01,26387240.0,41459120.0,41484540.0,174.3,172.63,170.43,174.87,172.92,172.14,171.86,167.16,168.44,169.95
2020-01-08,36633880.0,29644640.0,27877660.0,297.15,293.79,299.84,300.58,299.96,300.9,296.5,292.75,297.48,297.16
2016-08-01,92143920.0,38771840.0,27697970.0,104.27,102.83,104.19,104.35,104.45,104.55,102.75,102.82,103.68,104.41
2017-05-02,14198660.0,20783460.0,33498270.0,143.92,144.09,145.1,144.16,144.3,147.2,143.31,143.27,144.96,147.54
2015-10-12,46717770.0,61747260.0,52720620.0,111.74,110.19,110.0,111.77,110.19,112.28,109.41,108.21,109.49,112.73
2019-10-24,22367480.0,22684000.0,19932550.0,237.52,241.16,242.1,240.99,242.2,243.24,237.32,239.62,241.22,244.51
2016-12-14,34324350.0,26176690.0,43293350.0,112.31,113.29,113.84,114.7,115.0,115.92,112.31,112.49,113.75,115.04
2016-06-21,31251870.0,60793260.0,34355970.0,96.45,96.62,96.0,97.75,96.65,96.57,96.07,95.3,95.03,94.94
2018-02-09,68171940.0,51467440.0,54145930.0,154.83,163.09,160.29,163.72,163.4,161.0,154.0,159.07,155.03,157.07
2015-12-21,56157370.0,44654830.0,96197190.0,111.07,112.02,108.91,111.99,112.25,109.52,108.8,108.98,105.81,107.28
2019-05-09,32443110.0,38763700.0,26339500.0,204.29,205.88,201.9,208.84,207.42,205.34,203.5,200.83,201.75,200.4
2019-09-03,15957630.0,21007650.0,21162560.0,204.1,208.5,210.16,205.72,209.32,210.45,203.32,206.66,207.2,206.43
2017-08-22,27377960.0,27391950.0,26330070.0,160.52,157.86,157.5,160.71,159.5,157.89,157.84,156.72,155.11,158.23
2017-10-25,23907540.0,21888930.0,17633730.0,156.61,156.89,156.29,157.75,157.69,157.42,155.96,155.5,156.2,156.91
2018-09-28,22811140.0,23430370.0,29729270.0,219.75,221.0,223.82,222.82,223.75,226.44,219.7,219.76,223.54,224.79
2016-01-12,80742460.0,70722000.0,49687870.0,98.68,98.55,98.97,100.13,99.11,99.06,96.43,96.76,97.34,100.55
2016-07-22,23766360.0,26219110.0,32690080.0,99.56,100.0,99.83,100.0,100.46,101.0,99.34,99.74,99.13,99.26
2016-02-12,44282560.0,42288790.0,49979700.0,94.29,95.92,93.79,95.94,96.35,94.72,93.93,94.1,92.59,94.19
2018-05-23,18083080.0,18383080.0,15228270.0,187.19,188.0,188.38,187.81,189.27,188.88,186.13,186.91,186.78,186.35
2017-01-09,21081620.0,22115100.0,31714820.0,115.85,115.92,116.78,116.51,116.86,118.16,115.75,115.81,116.47,117.95
2018-11-27,31096240.0,23623970.0,44662320.0,179.73,174.94,174.24,180.27,176.6,174.95,176.55,172.1,170.26,171.51
2018-04-16,22401040.0,22858840.0,25100510.0,172.23,173.41,174.78,173.92,175.0,175.84,171.7,173.04,173.85,175.03
2016-01-28,51529980.0,71937310.0,133059000.0,101.52,99.93,96.04,101.53,100.88,96.63,99.21,98.07,93.34,93.79
2019-07-11,25338630.0,20578020.0,17897140.0,200.81,199.2,201.85,201.4,201.51,203.73,198.41,198.81,201.56,203.31
2015-07-23,55204920.0,73006780.0,115288400.0,130.97,132.85,121.99,132.97,132.92,125.5,130.7,130.32,121.99,126.2
2017-07-11,24110330.0,18527000.0,21080580.0,143.02,142.9,144.11,143.5,144.75,145.95,142.41,142.9,143.37,144.73
2018-11-30,41156140.0,45941750.0,41523580.0,171.51,176.73,182.66,174.77,181.29,182.8,170.88,174.93,177.7,180.29
2018-01-12,21532200.0,23751690.0,18653380.0,174.55,173.16,174.59,175.06,174.3,175.49,173.41,173.0,174.49,176.18
2019-10-15,28962980.0,41990210.0,24413480.0,227.93,232.95,234.9,230.44,237.64,238.13,227.3,232.31,234.67,236.39
2016-12-30,18131970.0,20686510.0,14979680.0,116.52,117.52,116.45,117.8,118.02,117.11,116.49,116.2,116.4,116.65
2015-08-24,48079330.0,68176940.0,127246600.0,116.1,114.08,110.43,116.52,114.35,111.9,114.68,111.63,105.65,94.87
2017-03-01,21754600.0,20222210.0,23446340.0,135.91,137.14,137.08,136.66,137.44,137.44,135.28,136.28,136.7,137.89
2017-02-23,22163280.0,24487200.0,20769030.0,135.1,136.23,136.43,135.83,136.75,137.12,135.1,135.98,136.11,137.38
2020-05-20,41587090.0,33843130.0,25432390.0,300.35,313.17,315.03,307.9,316.5,318.52,300.21,310.32,313.01,316.68
2016-12-09,26160560.0,29976030.0,27049830.0,109.5,109.26,110.86,110.36,111.19,112.43,109.19,109.16,110.6,112.31
2016-12-05,36151450.0,37034520.0,26481320.0,111.6,110.37,109.17,112.2,110.94,110.09,110.27,109.03,108.85,110.0
2018-08-28,18505780.0,18457720.0,20400770.0,214.65,216.6,217.15,217.05,216.9,218.74,214.6,215.11,216.33,219.01
2016-02-22,44811800.0,38866100.0,35290570.0,96.67,98.84,96.0,98.21,98.89,96.76,96.15,96.09,95.8,96.31
2017-10-10,21215870.0,17223790.0,16243080.0,154.18,154.97,155.81,155.44,155.49,156.73,154.05,154.56,155.49,156.06
2017-09-06,26729940.0,16564340.0,29491910.0,163.64,164.8,163.75,164.52,164.94,164.25,163.48,163.63,160.56,162.71
2016-11-18,32230590.0,58724080.0,27623150.0,106.57,106.7,109.81,107.68,110.23,110.35,106.16,106.6,108.83,109.72
2016-09-27,31048170.0,52411070.0,29800240.0,114.35,114.42,111.64,114.94,114.79,113.39,114.0,111.55,111.55,113.0
2017-12-14,34260890.0,19088170.0,23402510.0,169.2,172.15,172.5,172.89,172.39,173.54,168.79,171.46,172.0,172.4
2019-04-17,27738580.0,17524150.0,25668330.0,199.2,198.58,199.46,200.14,199.85,201.37,196.21,198.01,198.56,199.54
2016-08-22,25328680.0,21918340.0,25108890.0,109.1,109.23,108.77,109.37,109.6,109.69,108.34,109.02,108.36,108.86
2019-10-16,41990210.0,24413480.0,23040480.0,232.95,234.9,236.39,237.64,238.13,237.65,232.31,234.67,234.88,233.37
2019-12-18,33432810.0,32081110.0,28575800.0,271.46,277.0,279.57,275.3,280.79,281.77,270.93,276.98,278.8,279.8
2020-05-07,33391990.0,36937800.0,35583440.0,289.17,295.06,300.46,293.69,301.0,303.24,286.32,294.46,298.87,303.22
2015-10-01,51861990.0,73230280.0,66300930.0,113.85,112.83,110.17,114.57,113.51,111.54,112.44,107.86,108.73,109.07
2017-02-13,22941650.0,28321440.0,20046250.0,131.35,131.65,132.46,132.22,132.45,132.94,131.22,131.12,132.05,133.08
2017-10-18,16367780.0,24093300.0,18969700.0,156.73,157.9,159.78,157.28,160.0,160.87,156.41,157.65,159.23,160.42
2017-05-30,19201820.0,19217810.0,21895020.0,153.84,153.73,154.0,154.17,154.35,154.24,152.67,153.03,153.31,153.42
2017-05-22,50674280.0,33520150.0,26892850.0,153.6,151.27,153.38,154.57,153.34,153.98,149.71,151.13,152.63,154.0
2019-06-06,40396070.0,30967960.0,29773430.0,175.6,175.44,184.28,177.92,179.83,184.99,170.27,174.52,181.14,183.08
2019-07-12,20578020.0,17897140.0,20191840.0,199.2,201.85,203.31,201.51,203.73,204.39,198.81,201.56,201.71,202.45
2020-03-26,84188210.0,71882770.0,75900510.0,228.08,236.36,250.75,228.5,247.69,258.25,212.61,234.3,244.3,246.52
2019-04-03,23524830.0,27308200.0,22727370.0,189.83,191.64,191.09,190.08,191.68,194.46,188.54,188.38,191.05,193.25
2018-08-10,25525650.0,22493750.0,23389530.0,209.32,206.05,207.28,209.5,207.81,209.78,206.76,204.52,207.2,207.36
2018-11-20,46271660.0,36191330.0,41626820.0,188.39,190.5,190.0,191.97,194.97,190.7,186.9,189.46,184.99,178.37
2017-07-13,21080580.0,18647220.0,24833800.0,144.11,144.73,145.87,145.95,145.85,146.18,143.37,144.38,144.82,145.5
2019-05-08,20892380.0,32443110.0,38763700.0,210.89,204.29,205.88,211.84,208.84,207.42,210.23,203.5,200.83,201.9
2018-05-22,17014490.0,18083080.0,18383080.0,188.0,187.19,188.0,188.91,187.81,189.27,186.36,186.13,186.91,188.38
2019-06-04,21218410.0,27043580.0,40396070.0,177.95,176.23,175.6,179.23,177.99,177.92,176.67,174.99,170.27,175.44
2018-02-07,85957050.0,72215320.0,68171940.0,166.0,159.1,154.83,166.8,163.88,163.72,160.1,156.0,154.0,163.09
2018-03-23,19620520.0,36387880.0,41335980.0,175.24,175.04,170.0,176.8,175.09,172.68,174.94,171.26,168.6,168.39
2017-09-18,44866280.0,23637310.0,48846060.0,159.87,158.99,158.47,159.96,159.4,160.97,157.91,158.09,158.0,160.11
2018-11-07,91046560.0,66072170.0,31774720.0,209.55,204.3,201.92,213.65,204.39,204.72,205.43,198.17,201.69,205.97
2019-12-12,32182650.0,22632380.0,19723390.0,270.0,268.6,268.81,270.8,270.07,271.1,264.91,265.86,268.5,267.78
2018-08-17,20679270.0,28595230.0,27595310.0,210.16,209.22,211.75,210.56,210.74,213.81,208.26,208.33,211.47,213.44
2016-09-20,90398170.0,79763890.0,46937190.0,113.86,115.12,115.19,115.73,116.13,116.18,113.49,114.04,113.25,113.05
2019-07-24,20929310.0,22277930.0,18355210.0,205.79,203.65,208.46,206.5,207.23,208.91,202.36,203.61,207.29,207.67
2019-07-02,20899720.0,31110640.0,27316740.0,200.29,198.68,203.17,201.57,199.5,204.49,199.57,197.05,200.65,201.41
2017-10-16,16861450.0,16380570.0,16367780.0,155.97,156.35,156.73,156.98,157.37,157.28,155.75,155.73,156.41,157.9
2016-03-07,33136130.0,36884490.0,46026600.0,100.51,100.58,102.37,100.89,101.71,103.75,99.64,100.45,101.37,102.39
2018-01-22,34260230.0,31087330.0,31306390.0,176.15,179.37,178.61,179.25,180.1,179.58,175.07,178.25,177.41,177.3
2018-03-06,48706170.0,38426060.0,27825140.0,178.54,172.8,175.21,179.78,176.3,177.74,172.66,172.45,174.52,177.91
2016-11-09,30790930.0,32361930.0,24129630.0,108.53,110.08,110.31,110.25,110.51,111.72,108.11,109.46,109.7,109.88
2015-10-06,63849470.0,57774940.0,52033100.0,109.07,108.01,109.88,109.62,111.01,111.37,107.31,107.55,109.07,110.63
2019-12-31,23334000.0,36592940.0,36059610.0,284.82,291.12,289.46,289.98,293.97,292.69,284.7,288.12,285.22,289.93
2020-03-17,104618500.0,92683030.0,80605870.0,255.94,264.89,241.95,270.0,279.92,259.08,248.0,252.95,240.0,247.51
2015-09-28,35678360.0,50061580.0,56005550.0,113.63,113.25,116.44,114.72,115.5,116.69,113.3,112.37,114.02,113.85
2017-06-22,32203640.0,24877950.0,21247590.0,143.66,146.87,145.52,146.74,146.87,146.07,143.66,144.94,144.61,145.77
2016-10-26,22527690.0,23492650.0,46820600.0,116.81,117.1,117.95,116.91,117.74,118.36,116.28,117.0,117.31,114.31
2017-04-25,23294040.0,17290900.0,17117710.0,141.22,142.44,143.5,142.92,142.68,143.95,141.16,141.85,143.18,143.91
2018-12-03,45941750.0,41523580.0,39424260.0,176.73,182.66,180.29,181.29,182.8,180.33,174.93,177.7,177.03,184.46
2019-04-01,29771210.0,20710390.0,23524830.0,188.75,188.95,189.83,189.76,189.56,190.08,186.55,187.53,188.54,191.64
2019-08-28,46882840.0,26066130.0,25897340.0,209.43,205.86,207.86,212.05,207.19,208.55,201.0,205.06,203.53,204.1
2018-10-17,39494770.0,30280450.0,28802550.0,220.42,221.16,218.93,222.88,221.83,222.99,216.84,217.27,216.76,222.3
2018-10-22,22692880.0,32389280.0,32874330.0,222.3,217.86,218.06,222.64,219.74,221.26,219.34,213.0,217.43,219.79
2017-04-06,19970040.0,19865300.0,27649500.0,143.71,143.25,144.22,144.12,144.89,145.46,143.05,143.17,143.81,144.29
2018-03-12,31686450.0,24518850.0,32130360.0,174.94,175.48,177.96,175.85,177.12,180.0,174.27,175.07,177.39,180.29
2017-10-05,18631540.0,16216800.0,20088940.0,154.26,154.01,153.63,154.45,155.09,153.86,152.72,153.91,152.46,154.18
2019-09-16,44289650.0,32226670.0,39763300.0,218.07,224.8,220.0,223.71,226.42,220.79,217.73,222.86,217.02,217.73
2020-03-10,46893220.0,56544250.0,71686210.0,295.52,282.0,263.75,299.55,290.82,278.09,291.41,281.23,263.0,277.14
2018-08-24,25682700.0,18965930.0,18505780.0,216.8,214.1,214.65,217.19,216.36,217.05,214.03,213.84,214.6,216.6
2018-12-31,58133850.0,51608850.0,41740600.0,148.3,155.84,157.5,157.23,156.77,158.52,146.72,150.07,154.55,158.53
2020-02-05,49897100.0,43496400.0,34154130.0,320.93,304.3,315.31,322.68,313.49,319.64,308.29,302.22,313.63,323.52
2018-10-11,28784550.0,26656630.0,41084070.0,222.21,223.64,225.46,224.8,227.27,226.35,220.2,222.25,216.05,214.52
2016-05-25,31834020.0,37977020.0,35074380.0,94.64,95.87,97.22,95.43,97.19,98.09,94.52,95.67,96.84,98.67
2019-07-31,17618870.0,21673390.0,33935720.0,207.48,208.46,208.76,209.73,210.64,210.16,207.14,208.44,207.31,216.42
2018-10-12,26656630.0,41084070.0,52902320.0,223.64,225.46,214.52,227.27,226.35,219.5,222.25,216.05,212.32,220.42
2017-11-07,39668100.0,59332210.0,34770480.0,167.64,174.0,172.37,168.5,174.26,174.99,165.28,171.12,171.72,173.91
2016-08-24,25108890.0,25784420.0,21236850.0,108.77,108.86,108.59,109.69,109.1,109.32,108.36,107.85,108.53,108.57
2019-04-09,19090050.0,18473070.0,25829880.0,194.79,196.45,196.42,196.37,197.1,200.23,193.14,195.93,196.34,200.32
2016-11-28,25931710.0,27420550.0,11475920.0,111.95,111.36,111.13,112.42,111.51,111.87,111.4,110.33,110.95,111.43
2019-08-09,35824790.0,33364400.0,27009520.0,196.31,195.41,200.2,198.07,199.56,203.53,194.04,193.82,199.39,201.3
2015-07-20,33559770.0,35987630.0,45970470.0,125.72,127.74,129.08,127.15,128.57,129.62,125.58,127.35,128.31,130.97
2019-12-17,34437040.0,33432810.0,32081110.0,267.78,271.46,277.0,272.56,275.3,280.79,267.32,270.93,276.98,279.57
2019-10-11,29282700.0,19029420.0,28962980.0,225.82,227.03,227.93,228.06,227.79,230.44,224.33,225.64,227.3,232.95
2017-05-15,25779060.0,27236290.0,32493770.0,153.63,152.45,154.7,153.94,154.07,156.42,152.11,152.31,154.67,156.01
2019-11-15,21847230.0,25817590.0,22395560.0,261.55,261.13,263.75,262.79,264.78,264.88,260.92,261.07,262.1,263.68
2019-06-20,14669140.0,26551000.0,21124240.0,192.9,196.05,199.68,194.96,200.29,199.88,192.17,195.21,197.31,200.37
2020-03-04,106721200.0,85349340.0,79868850.0,257.26,282.28,303.67,278.41,301.44,304.0,256.37,277.72,285.8,296.44
2017-08-01,32429770.0,17192770.0,19690420.0,153.75,149.89,149.9,153.99,150.23,150.33,147.3,149.19,148.13,149.1
2018-02-14,70583530.0,60774900.0,32483310.0,157.07,158.5,161.95,157.89,163.89,164.75,150.24,157.51,161.65,163.05
2017-10-19,24093300.0,18969700.0,16252850.0,157.9,159.78,160.42,160.0,160.87,160.71,157.65,159.23,159.6,156.75
2018-02-06,44453230.0,85957050.0,72215320.0,167.17,166.0,159.1,168.62,166.8,163.88,166.76,160.1,156.0,154.83
2017-11-20,28998220.0,23598650.0,21884010.0,169.97,171.18,171.04,170.32,171.87,171.39,168.38,170.3,169.64,170.29
2019-01-25,30273990.0,23046560.0,25418110.0,156.41,154.15,154.11,156.73,155.14,154.48,152.62,151.7,151.74,155.48
2016-06-07,40170200.0,28487570.0,23265200.0,97.6,97.79,97.99,97.84,98.27,101.89,96.63,97.45,97.55,99.25
2017-08-24,26330070.0,21564890.0,19376940.0,157.5,158.23,159.07,157.89,160.0,160.47,155.11,158.02,158.88,160.43
2020-03-27,71882770.0,75900510.0,63140170.0,236.36,250.75,246.52,247.69,258.25,258.68,234.3,244.3,246.36,252.75
2016-08-16,27460070.0,18648700.0,25704330.0,108.52,107.78,108.14,108.93,108.44,109.54,107.85,107.78,108.08,109.63
2016-08-26,21236850.0,23606240.0,25001730.0,108.59,108.57,107.39,109.32,108.75,107.88,108.53,107.68,106.68,107.41
2017-05-24,26892850.0,22930630.0,19906170.0,153.38,154.0,154.9,153.98,154.58,154.9,152.63,152.91,153.31,153.84
2020-01-31,40558490.0,54149930.0,31685810.0,312.6,324.45,320.54,318.4,327.85,324.09,312.19,321.38,318.75,320.93
2017-03-22,43700570.0,21258100.0,39461130.0,141.0,140.4,142.11,141.0,141.5,142.8,139.89,140.23,139.73,139.85
2018-09-14,35644510.0,49118510.0,41411350.0,218.01,224.94,223.52,224.3,225.0,228.35,216.56,219.84,222.57,225.75
2016-08-23,21918340.0,25108890.0,25784420.0,109.23,108.77,108.86,109.6,109.69,109.1,109.02,108.36,107.85,108.59
2019-03-27,42287640.0,43751810.0,49696100.0,195.34,191.51,191.66,197.69,191.98,192.88,190.78,186.6,184.58,188.75
2018-06-08,21535570.0,20912820.0,21329170.0,193.07,193.63,194.14,193.94,194.08,194.2,192.36,191.92,192.34,191.17
2018-05-15,27942430.0,26167950.0,20393070.0,187.74,189.49,189.01,190.37,190.06,189.53,187.65,187.45,187.86,186.78
2018-10-30,29027340.0,47191700.0,45713690.0,217.71,215.9,219.19,221.38,220.19,219.69,216.75,212.67,206.09,211.15
2019-04-24,24185530.0,17841920.0,23286380.0,203.12,202.83,204.43,204.15,204.94,207.75,202.52,202.34,203.9,207.36
2019-01-16,26924630.0,32018540.0,28449940.0,152.88,150.85,150.27,153.7,151.27,153.39,151.51,149.22,150.05,153.08
2016-01-04,30912260.0,25184090.0,40885480.0,106.96,108.58,107.01,109.43,108.7,107.03,106.86,107.18,104.82,102.61
2017-11-16,16956290.0,24683350.0,28998220.0,173.5,173.04,169.97,174.5,173.48,170.32,173.4,171.18,168.38,171.18
2020-06-23,24205100.0,66118950.0,33861320.0,351.41,354.64,351.34,353.45,356.56,359.46,349.22,345.15,351.15,364.0
2015-07-31,33570380.0,36912040.0,33400950.0,123.38,123.15,122.32,123.91,123.5,122.57,122.55,122.27,121.71,122.6
2019-06-12,30684390.0,26220850.0,26932880.0,186.51,191.81,194.86,191.92,195.37,196.0,185.77,191.62,193.6,193.95
2017-05-03,20783460.0,33498270.0,44182930.0,144.09,145.1,147.54,144.3,147.2,148.09,143.27,144.96,146.84,145.59
2017-11-03,35779520.0,33482970.0,39668100.0,167.9,169.87,167.64,169.65,169.94,168.5,166.94,165.61,165.28,174.0
2016-02-11,53920550.0,44282560.0,42288790.0,93.13,94.29,95.92,95.7,95.94,96.35,93.04,93.93,94.1,93.79
2016-03-02,28949760.0,35131460.0,50303500.0,97.2,96.86,97.65,98.02,98.23,100.77,96.58,96.65,97.42,100.51
2020-06-18,34702230.0,41357180.0,28601630.0,333.25,351.46,355.15,345.68,353.2,355.4,332.58,344.72,351.09,351.41
2018-07-05,22551660.0,17675210.0,13954810.0,186.29,183.82,187.79,187.19,187.3,187.95,182.91,183.42,183.54,185.26
2019-01-28,23046560.0,25418110.0,33508960.0,154.15,154.11,155.48,155.14,154.48,158.13,151.7,151.74,154.32,155.79
2019-07-29,14991570.0,13909560.0,17618870.0,207.67,208.89,207.48,209.15,209.24,209.73,207.17,206.73,207.14,208.46
2018-12-10,41141250.0,42704910.0,41678680.0,180.95,171.76,173.49,182.39,174.78,174.49,176.27,170.42,168.3,165.0
2019-04-25,17841920.0,23286380.0,17427570.0,202.83,204.43,207.36,204.94,207.75,208.48,202.34,203.9,207.05,206.83
2019-09-11,19362290.0,27309400.0,31777930.0,214.05,214.84,213.86,214.42,216.44,216.78,212.51,211.07,211.71,218.07
2020-03-24,67964260.0,100423300.0,84188210.0,247.39,247.18,228.08,252.84,251.83,228.5,242.61,228.0,212.61,236.36
2016-04-21,60784920.0,32340620.0,30576980.0,108.89,107.88,106.64,108.95,108.0,108.09,106.94,106.23,106.06,106.93
2016-04-15,27150570.0,32771760.0,25364920.0,109.34,110.8,111.62,110.5,112.34,112.39,108.66,110.8,111.33,112.11
2018-01-09,22342650.0,23589930.0,20523870.0,172.54,173.44,174.35,173.47,175.37,175.61,172.08,173.05,173.93,174.55
2017-08-28,19376940.0,19782170.0,25184600.0,159.07,160.43,159.65,160.47,160.74,160.56,158.88,158.55,159.27,160.14
2017-12-06,39735110.0,32512580.0,27315530.0,169.95,172.48,169.06,171.67,172.62,171.52,168.5,169.63,168.4,167.5
2016-03-08,36884490.0,46026600.0,35890740.0,100.58,102.37,102.39,101.71,103.75,102.83,100.45,101.37,100.96,100.78
2015-12-11,34275420.0,46301930.0,29158640.0,117.52,117.64,116.04,118.6,117.69,116.94,116.86,115.08,115.51,115.19
2015-08-05,42832890.0,69639900.0,123601900.0,122.6,121.5,117.42,122.64,122.57,117.7,120.91,117.52,113.25,112.95
2017-10-23,16252850.0,42357420.0,23907540.0,160.42,156.75,156.61,160.71,157.08,157.75,159.6,155.02,155.96,156.89
2019-06-07,30967960.0,29773430.0,22526310.0,175.44,184.28,183.08,179.83,184.99,185.47,174.52,181.14,182.15,186.51
2019-02-04,60800480.0,40613260.0,32644590.0,163.25,166.11,166.96,166.15,169.0,168.98,160.23,164.56,165.93,167.41
2020-02-19,23686890.0,20028450.0,38190550.0,324.19,324.74,315.36,326.22,325.98,319.75,323.35,322.85,314.61,320.0
2017-12-21,29385650.0,27393660.0,23451420.0,174.88,175.03,174.87,177.2,175.39,175.42,174.86,174.09,173.25,174.17
2019-09-06,20059570.0,19216820.0,23946880.0,206.43,208.39,212.0,206.98,209.48,213.97,204.22,207.32,211.51,214.05
2019-07-09,11362050.0,17265520.0,25338630.0,203.28,203.35,200.81,204.44,205.08,201.4,202.69,202.9,198.41,199.2
2017-09-01,29451050.0,27215770.0,26729940.0,160.1,163.8,163.64,163.12,163.89,164.52,160.0,162.61,163.48,164.8
2016-10-31,66028640.0,31396130.0,36792100.0,114.31,115.39,113.87,115.7,115.86,115.21,113.31,114.1,113.45,113.65
2019-06-14,26932880.0,18253190.0,21674630.0,194.86,193.95,194.7,196.0,195.97,196.79,193.6,193.39,193.6,191.55
2017-06-08,25277680.0,26591850.0,21017560.0,154.34,153.9,155.02,154.45,155.81,155.98,153.46,153.78,154.48,155.25
2017-07-05,31450520.0,22986960.0,14277850.0,144.71,144.45,144.88,145.13,144.96,145.3,142.28,143.78,143.1,143.69
2018-12-06,39424260.0,40537700.0,41141250.0,180.29,184.46,180.95,180.33,184.94,182.39,177.03,181.21,176.27,171.76
2020-02-25,25141490.0,32426420.0,55548830.0,322.63,318.62,297.26,324.65,320.45,304.18,318.21,310.5,289.23,300.95
2017-02-21,35578640.0,22539860.0,22163280.0,135.52,135.67,135.1,136.27,135.9,135.83,134.62,134.84,135.1,136.23
2020-06-17,50036510.0,34702230.0,41357180.0,344.72,333.25,351.46,347.8,345.68,353.2,334.22,332.58,344.72,355.15
2015-11-23,46559730.0,43233950.0,34135230.0,115.76,117.64,119.2,117.49,119.75,119.92,115.5,116.76,118.85,119.27
2018-09-27,27581270.0,22811140.0,23430370.0,216.82,219.75,221.0,221.26,222.82,223.75,216.63,219.7,219.76,223.82
2017-03-31,33348400.0,29174040.0,21189000.0,140.91,143.68,144.19,144.04,144.49,144.5,140.62,143.19,143.5,143.72
2015-11-09,44829060.0,39483400.0,33009110.0,123.13,121.85,121.11,123.82,122.69,121.81,121.62,120.18,120.62,120.96
2015-09-14,84757780.0,62800770.0,49793750.0,113.76,110.27,111.79,114.02,113.28,114.21,109.77,109.9,111.76,116.58
2018-12-11,42704910.0,41678680.0,61759000.0,171.76,173.49,165.0,174.78,174.49,170.09,170.42,168.3,163.33,171.66
2019-11-18,25817590.0,22395560.0,25093670.0,261.13,263.75,263.68,264.78,264.88,265.78,261.07,262.1,263.01,265.8
2019-05-16,57430620.0,36529680.0,26544720.0,187.71,186.41,186.27,189.48,189.7,191.75,182.85,185.41,186.02,189.91
2018-05-08,33944110.0,56137230.0,42557530.0,175.88,178.25,185.18,177.5,184.25,187.67,174.44,178.17,184.75,184.99
2020-05-21,33843130.0,25432390.0,27876220.0,313.17,315.03,316.68,316.5,318.52,319.52,310.32,313.01,316.2,318.66
2020-04-07,41483490.0,32470020.0,50455070.0,240.34,242.8,250.9,245.15,245.7,263.11,236.9,238.97,249.38,270.8
2018-07-26,15955820.0,18680930.0,16553500.0,190.68,192.45,193.06,191.96,193.66,194.85,189.56,192.05,192.43,194.61
2019-01-17,32018540.0,28449940.0,30483120.0,150.85,150.27,153.08,151.27,153.39,155.88,149.22,150.05,153.0,154.2
2017-09-26,37350060.0,46575410.0,44366140.0,155.8,152.02,149.99,155.8,152.27,151.83,152.75,150.56,149.16,151.78
2020-04-02,41994110.0,49250500.0,44054640.0,250.74,255.6,246.5,255.52,262.49,248.72,249.4,252.0,239.13,240.34
2015-10-20,37622200.0,38794930.0,29723750.0,110.93,111.78,110.8,112.1,112.0,111.75,110.49,110.53,110.11,111.34
2017-07-27,21466370.0,18798250.0,15649120.0,150.58,151.8,153.35,152.44,153.84,153.93,149.9,151.8,153.06,153.75
2017-07-20,23765710.0,17837130.0,20859830.0,148.82,149.2,150.48,150.9,150.13,151.42,148.57,148.67,149.95,151.5
2016-11-15,57097740.0,34117030.0,50901380.0,111.09,107.12,107.71,111.09,108.87,107.81,105.83,106.55,104.08,106.57
2016-05-27,35074380.0,38258300.0,56293490.0,97.22,98.67,99.68,98.09,99.74,100.73,96.84,98.11,98.64,99.44
2016-02-10,46315620.0,53920550.0,44282560.0,96.52,93.13,94.29,96.92,95.7,95.94,93.69,93.04,93.93,95.92
2018-09-19,31801970.0,36810120.0,31495630.0,225.75,222.15,217.79,226.84,222.95,221.85,222.52,217.27,217.12,218.5
2017-07-19,20117070.0,23765710.0,17837130.0,147.97,148.82,149.2,149.33,150.9,150.13,147.33,148.57,148.67,150.48
2020-03-05,85349340.0,79868850.0,54794570.0,282.28,303.67,296.44,301.44,304.0,303.4,277.72,285.8,293.13,295.52
2016-03-24,35454230.0,32345430.0,25686350.0,105.93,105.25,106.48,107.65,107.29,107.07,105.14,105.21,105.9,105.47
2018-09-20,36810120.0,31495630.0,26869880.0,222.15,217.79,218.5,222.95,221.85,219.62,217.27,217.12,215.3,220.24
2016-03-14,27148530.0,33490630.0,27368840.0,101.31,101.41,102.24,101.58,102.24,102.28,100.27,100.15,101.5,101.91
2019-10-30,18369300.0,24143240.0,35709870.0,243.16,247.42,248.97,246.73,249.25,249.75,242.88,246.72,242.57,244.76
2020-02-04,31685810.0,49897100.0,43496400.0,320.54,320.93,304.3,324.09,322.68,313.49,318.75,308.29,302.22,315.31
2016-01-15,49046150.0,62285770.0,63000140.0,100.55,100.32,97.96,100.69,101.19,100.48,98.84,97.3,95.74,96.2
2016-04-13,23553790.0,29357940.0,27150570.0,108.91,108.97,109.34,109.77,110.61,110.5,108.17,108.83,108.66,110.8
2016-01-27,65648660.0,51529980.0,71937310.0,98.63,101.52,99.93,101.46,101.53,100.88,98.37,99.21,98.07,96.04
2019-01-31,26147280.0,39914850.0,60800480.0,155.79,156.25,163.25,156.33,158.13,166.15,153.66,154.11,160.23,166.11
2016-04-25,30576980.0,31416910.0,33655810.0,106.64,106.93,105.01,108.09,106.93,106.48,106.06,105.52,104.62,105.0
2016-09-06,31639010.0,26675250.0,26393770.0,105.66,106.14,107.7,106.57,106.8,108.0,105.64,105.62,106.82,107.9
2015-09-02,53075960.0,56111590.0,76562170.0,112.17,112.03,110.15,113.31,114.53,111.88,111.54,112.0,107.36,110.23
2018-07-30,16553500.0,19005150.0,23975350.0,193.06,194.61,194.99,194.85,195.96,195.19,192.43,193.61,190.1,191.9
2016-06-14,26575570.0,31672220.0,37708360.0,98.5,98.53,98.69,99.99,99.35,99.12,98.46,98.48,97.1,97.32
2018-02-02,45635470.0,32234520.0,44453230.0,165.53,166.87,167.17,167.37,168.44,168.62,164.7,166.5,166.76,166.0
2015-08-28,102731700.0,96531890.0,83825220.0,111.11,107.09,112.23,111.11,109.89,113.24,103.5,105.05,110.02,112.17
2020-05-04,34320200.0,45765970.0,60154180.0,284.73,289.96,286.25,289.67,294.53,299.0,283.89,288.35,285.85,289.17
2018-12-18,31754210.0,40620360.0,43250420.0,170.49,169.0,165.45,172.57,169.08,168.35,169.55,165.28,162.73,165.38
2016-11-16,34117030.0,50901380.0,32230590.0,107.12,107.71,106.57,108.87,107.81,107.68,106.55,104.08,106.16,106.7
2016-04-27,33655810.0,27997990.0,52979780.0,105.01,105.0,103.91,106.48,105.65,105.3,104.62,104.51,103.91,96.0
2017-03-27,25804820.0,20299310.0,22355140.0,139.85,141.26,141.5,141.6,141.58,141.74,139.76,140.61,140.35,139.39
2020-06-10,34312550.0,23913630.0,36928090.0,323.35,330.25,332.14,331.75,333.6,345.61,323.23,327.32,332.01,347.9
2019-01-04,34499390.0,35637070.0,91106840.0,158.53,154.89,143.98,159.36,158.85,145.72,156.48,154.23,142.0,144.53
2018-06-06,23377690.0,26190620.0,21535570.0,187.99,191.64,193.07,190.26,193.42,193.94,187.75,191.35,192.36,193.63
2019-03-08,19238480.0,20755140.0,24755470.0,175.94,174.67,173.87,176.0,175.49,174.44,174.54,173.94,172.02,170.32
2016-09-15,45114590.0,62080160.0,111186900.0,102.65,107.51,108.73,105.72,108.79,113.03,102.53,107.24,108.6,113.86
2015-10-26,42276880.0,41430660.0,59251740.0,114.0,114.33,116.7,115.58,115.5,119.23,113.7,114.1,116.33,118.08
2018-09-25,26388050.0,95584080.0,27581270.0,220.24,220.78,216.82,222.28,221.36,221.26,219.15,217.29,216.63,219.75
2017-09-13,28411740.0,31506890.0,71574560.0,160.86,160.5,162.61,161.15,162.05,163.96,158.53,159.89,158.77,159.87
2019-04-22,25668330.0,28865310.0,24185530.0,199.46,199.54,203.12,201.37,203.38,204.15,198.56,198.61,202.52,202.83
2020-01-15,35217270.0,30521720.0,40653460.0,310.6,311.64,316.7,312.67,317.07,317.57,308.25,311.15,312.17,311.85
2018-10-15,41084070.0,52902320.0,39494770.0,225.46,214.52,220.42,226.35,219.5,222.88,216.05,212.32,216.84,221.16
2018-03-01,37353670.0,38885510.0,37568080.0,176.35,179.1,179.26,179.39,180.48,180.62,176.21,178.16,178.05,178.54
2020-01-02,36592940.0,36059610.0,25247630.0,291.12,289.46,289.93,293.97,292.69,293.68,288.12,285.22,289.52,296.24
2018-01-02,21477380.0,16412270.0,25938760.0,170.1,171.0,170.52,170.78,171.85,170.59,169.71,170.48,169.22,170.16
2016-05-16,28641180.0,76183460.0,44223040.0,93.48,92.72,90.0,93.57,92.78,91.67,92.46,89.47,90.0,92.39
2019-08-22,24431920.0,26919530.0,21564750.0,210.62,210.88,212.99,212.73,213.35,213.65,210.03,210.32,211.6,213.19
2020-01-13,33090950.0,42621540.0,35217270.0,297.16,307.24,310.6,304.44,310.43,312.67,297.16,306.2,308.25,311.64
2020-02-20,20028450.0,38190550.0,23495990.0,324.74,315.36,320.0,325.98,319.75,324.57,322.85,314.61,320.0,322.63
2018-06-01,22409110.0,18503410.0,27468700.0,187.6,187.72,187.22,188.75,188.0,188.23,186.87,186.78,186.14,187.99
2018-04-25,65270950.0,36396590.0,33674960.0,170.6,166.84,165.67,171.22,166.92,166.33,165.43,164.09,161.22,162.62
2019-08-05,69281360.0,54017920.0,40862120.0,216.42,213.9,205.53,221.37,218.03,206.43,211.3,206.74,201.63,197.99
2020-04-15,40529120.0,32755730.0,48748670.0,268.7,268.31,280.0,270.07,273.7,288.25,264.7,265.83,278.05,282.4
2016-06-16,37708360.0,31890740.0,29373050.0,98.69,97.32,97.82,99.12,98.48,98.41,97.1,96.75,97.03,96.45
2019-07-15,17897140.0,20191840.0,17595210.0,201.85,203.31,202.45,203.73,204.39,204.0,201.56,201.71,202.2,204.09
2019-06-03,28481170.0,21218410.0,27043580.0,176.42,177.95,176.23,179.35,179.23,177.99,176.0,176.67,174.99,175.6
2015-10-16,32970790.0,44434220.0,37622200.0,110.82,111.29,110.93,112.45,111.52,112.1,110.68,109.56,110.49,111.78
2015-08-17,101593400.0,48407640.0,42876370.0,112.53,116.04,114.32,115.42,116.4,116.31,109.63,114.54,114.01,116.04
2016-05-20,46858910.0,42009830.0,30417880.0,94.55,94.16,94.64,94.7,95.21,94.64,93.01,93.89,93.57,94.64
2018-10-02,29729270.0,22560440.0,23171020.0,223.82,224.79,227.95,226.44,225.84,229.42,223.54,224.02,226.35,227.25
2018-06-13,26580710.0,18069930.0,16859020.0,191.17,191.35,191.39,192.0,191.97,192.61,189.77,190.21,191.15,192.42
2015-12-18,53168580.0,56157370.0,44654830.0,111.94,111.07,112.02,112.8,111.99,112.25,110.35,108.8,108.98,108.91
2016-03-10,35890740.0,31538710.0,27148530.0,102.39,100.78,101.31,102.83,101.76,101.58,100.96,100.4,100.27,101.41
2020-04-13,50721830.0,42223820.0,40529120.0,270.8,262.74,268.7,271.7,267.37,270.07,259.0,261.23,264.7,268.31
2016-05-09,40984160.0,35850220.0,43665160.0,95.2,94.0,93.37,95.9,94.07,93.45,93.82,92.68,91.85,93.0
2016-08-12,26296260.0,23839880.0,27460070.0,108.23,108.71,108.52,108.94,108.9,108.93,108.01,107.76,107.85,107.78
2015-09-10,49904460.0,54507300.0,84757780.0,108.97,111.65,113.76,110.45,112.56,114.02,108.51,110.32,109.77,110.27
2017-11-14,29422610.0,25129510.0,16956290.0,175.11,175.11,173.5,176.1,175.38,174.5,173.14,174.27,173.4,173.04
2017-08-11,36127490.0,26060430.0,39636190.0,158.6,159.26,159.9,161.83,161.27,160.0,158.27,159.11,154.63,156.6
2016-08-31,27744300.0,24900130.0,24817940.0,107.41,106.62,105.8,107.95,107.44,106.5,106.31,106.29,105.5,105.66
2017-05-23,33520150.0,26892850.0,22930630.0,151.27,153.38,154.0,153.34,153.98,154.58,151.13,152.63,152.91,154.9
2016-01-05,25184090.0,40885480.0,67569090.0,108.58,107.01,102.61,108.7,107.03,105.37,107.18,104.82,102.0,105.75
2020-07-01,51314210.0,32661520.0,35055820.0,364.41,353.25,360.08,365.32,362.17,365.98,353.02,351.28,360.0,365.12
2019-03-21,26148590.0,31440300.0,31003380.0,185.8,188.35,186.23,188.39,188.99,189.49,185.79,185.92,184.73,190.02
2018-03-15,32191070.0,31464170.0,29334630.0,180.29,182.59,180.32,182.39,183.5,180.52,180.21,179.24,177.81,178.5
2019-01-18,28449940.0,30483120.0,29616190.0,150.27,153.08,154.2,153.39,155.88,157.66,150.05,153.0,153.26,157.5
2019-05-01,18612770.0,22010360.0,45751160.0,204.9,204.4,203.06,205.0,205.97,203.4,202.12,203.86,199.11,209.88
2015-08-18,48407640.0,42876370.0,40827260.0,116.04,114.32,116.04,116.4,116.31,117.65,114.54,114.01,115.5,116.43
2016-02-16,42288790.0,49979700.0,40323020.0,95.92,93.79,94.19,96.35,94.72,94.5,94.1,92.59,93.01,95.02
2019-03-18,30929740.0,23527660.0,39017490.0,182.25,183.9,184.85,183.3,184.1,187.33,180.92,182.56,183.74,185.8
2018-04-18,25100510.0,21561320.0,26575010.0,174.78,175.03,176.49,175.84,176.19,178.94,173.85,174.83,176.41,177.81
2018-11-14,34317760.0,50991030.0,46725710.0,205.55,199.0,191.63,206.01,199.85,197.18,202.25,193.79,191.45,193.9
2019-01-24,33259460.0,30273990.0,23046560.0,157.5,156.41,154.15,157.88,156.73,155.14,155.98,152.62,151.7,154.11
2017-11-24,16041550.0,25047130.0,25558680.0,170.29,170.78,173.36,170.56,173.7,175.0,169.56,170.78,173.05,175.1
2019-08-01,21673390.0,33935720.0,69281360.0,208.46,208.76,216.42,210.64,210.16,221.37,208.44,207.31,211.3,213.9
2016-02-01,133059000.0,55622370.0,64332440.0,96.04,93.79,94.79,96.63,94.52,97.34,93.34,92.39,94.35,96.47
2018-07-03,17352380.0,22551660.0,17675210.0,184.1,186.29,183.82,186.21,187.19,187.3,183.8,182.91,183.42,187.79
2019-07-10,17265520.0,25338630.0,20578020.0,203.35,200.81,199.2,205.08,201.4,201.51,202.9,198.41,198.81,201.85
2016-10-21,24308210.0,19977160.0,24100150.0,118.18,117.25,116.86,118.21,117.76,117.38,117.45,113.8,116.33,116.81
2016-03-31,19354440.0,31154910.0,45547590.0,106.0,104.89,108.65,106.19,107.79,110.42,105.06,104.88,108.6,109.72
2017-04-26,17290900.0,17117710.0,18325720.0,142.44,143.5,143.91,142.68,143.95,144.9,141.85,143.18,143.87,144.47
2017-12-07,32512580.0,27315530.0,28397810.0,172.48,169.06,167.5,172.62,171.52,170.2,169.63,168.4,166.46,169.03
2019-09-04,21007650.0,21162560.0,20059570.0,208.5,210.16,206.43,209.32,210.45,206.98,206.66,207.2,204.22,208.39
2016-09-14,46461610.0,45114590.0,62080160.0,104.64,102.65,107.51,105.72,105.72,108.79,103.13,102.53,107.24,108.73
2015-11-24,43233950.0,34135230.0,32445680.0,117.64,119.2,119.27,119.75,119.92,119.73,116.76,118.85,117.34,117.33
2020-01-16,30521720.0,40653460.0,30480880.0,311.64,316.7,311.85,317.07,317.57,315.5,311.15,312.17,309.55,313.59
2018-01-23,31087330.0,31306390.0,27052000.0,179.37,178.61,177.3,180.1,179.58,177.78,178.25,177.41,176.6,177.3
2016-08-30,25001730.0,27744300.0,24900130.0,107.39,107.41,106.62,107.88,107.95,107.44,106.68,106.31,106.29,105.8
2017-06-20,31642900.0,50264540.0,32203640.0,143.32,143.78,143.66,144.48,144.5,146.74,142.21,142.2,143.66,146.87
2017-04-18,20320420.0,17775510.0,16529130.0,141.6,141.91,141.48,142.15,142.38,141.88,141.01,141.05,140.87,141.41
2016-08-15,23839880.0,27460070.0,18648700.0,108.71,108.52,107.78,108.9,108.93,108.44,107.76,107.85,107.78,108.14
2018-09-24,26869880.0,26388050.0,95584080.0,218.5,220.24,220.78,219.62,222.28,221.36,215.3,219.15,217.29,216.82
2015-08-27,161882500.0,102731700.0,96531890.0,94.87,111.11,107.09,108.8,111.11,109.89,92.0,103.5,105.05,112.23
2019-11-29,21029520.0,26334880.0,16386120.0,262.71,266.94,265.58,266.44,267.16,267.98,262.52,262.5,265.31,266.6
2016-09-29,29800240.0,24587490.0,29608390.0,111.64,113.0,113.69,113.39,113.18,114.64,111.55,112.34,113.43,113.16
2018-08-02,20912890.0,37847260.0,67812280.0,191.9,190.3,199.13,192.2,192.14,201.76,189.07,189.34,197.31,200.58
2015-07-29,42090320.0,44371580.0,33570380.0,125.32,123.09,123.38,125.74,123.61,123.91,123.9,122.12,122.55,123.15
2018-12-28,37169230.0,58133850.0,51608850.0,148.15,148.3,155.84,151.55,157.23,156.77,146.59,146.72,150.07,157.5
2019-10-08,30352690.0,34755550.0,30889270.0,218.43,225.64,226.27,220.96,227.49,229.93,215.13,223.89,225.84,225.82
2015-11-12,33829290.0,59029400.0,45179400.0,120.96,116.9,116.37,121.81,118.07,117.42,120.05,116.06,115.21,116.26
2018-08-14,23389530.0,24592460.0,25864510.0,207.28,207.36,207.7,209.78,209.1,210.95,207.2,206.67,207.7,210.16
2019-09-27,31434370.0,22481010.0,19088310.0,221.03,218.55,220.0,222.49,221.5,220.94,217.19,217.14,218.83,220.54
2020-06-22,28601630.0,24205100.0,66118950.0,355.15,351.41,354.64,355.4,353.45,356.56,351.09,349.22,345.15,351.34
2019-10-29,17916260.0,18369300.0,24143240.0,244.51,243.16,247.42,244.8,246.73,249.25,241.81,242.88,246.72,248.97
2019-10-04,36187160.0,35767260.0,30352690.0,225.07,223.06,218.43,228.22,223.58,220.96,224.2,217.93,215.13,225.64
2018-08-20,28595230.0,27595310.0,35034410.0,209.22,211.75,213.44,210.74,213.81,217.95,208.33,211.47,213.16,218.1
2017-10-04,26204670.0,18631540.0,16216800.0,153.21,154.26,154.01,154.13,154.45,155.09,152.0,152.72,153.91,153.63
2016-05-11,43665160.0,32895650.0,33653020.0,93.37,93.0,93.33,93.45,93.77,93.57,91.85,92.59,92.11,93.48
2018-06-19,21584720.0,61438290.0,18458410.0,191.55,190.03,187.88,191.57,190.16,189.22,190.22,188.26,187.2,185.14
2017-11-17,24683350.0,28998220.0,23598650.0,173.04,169.97,171.18,173.48,170.32,171.87,171.18,168.38,170.3,171.04
2016-01-07,67569090.0,55583140.0,68384270.0,102.61,105.75,100.56,105.37,105.85,102.37,102.0,102.41,99.87,98.68
2018-06-12,21329170.0,26580710.0,18069930.0,194.14,191.17,191.35,194.2,192.0,191.97,192.34,189.77,190.21,191.39
2019-03-26,50943120.0,42287640.0,43751810.0,190.02,195.34,191.51,196.33,197.69,191.98,189.81,190.78,186.6,191.66
2015-12-01,21341960.0,13046450.0,38063130.0,119.21,118.29,117.99,119.23,118.41,119.41,117.92,117.6,117.75,118.75
2017-01-10,22115100.0,31714820.0,33420290.0,115.92,116.78,117.95,116.86,118.16,119.43,115.81,116.47,117.94,118.77
2016-01-19,62285770.0,63000140.0,79356010.0,100.32,97.96,96.2,101.19,100.48,97.71,97.3,95.74,95.36,98.41
2015-08-14,96820670.0,101593400.0,48407640.0,117.81,112.53,116.04,118.18,115.42,116.4,113.33,109.63,114.54,114.32
2020-03-16,64094970.0,104618500.0,92683030.0,277.39,255.94,264.89,281.22,270.0,279.92,271.86,248.0,252.95,241.95
2017-09-25,52126240.0,37350060.0,46575410.0,157.9,155.8,152.02,158.26,155.8,152.27,153.83,152.75,150.56,149.99
2016-12-29,14244050.0,18131970.0,20686510.0,115.59,116.52,117.52,116.52,117.8,118.02,115.59,116.49,116.2,116.45
2017-01-19,26083030.0,34412090.0,23687350.0,119.11,118.34,120.0,119.62,120.24,120.5,118.81,118.22,119.71,119.4
2016-04-29,52979780.0,114436300.0,82107120.0,103.91,96.0,97.61,105.3,98.71,97.88,103.91,95.68,94.25,93.99
2019-03-06,25737560.0,27413060.0,19238480.0,174.28,175.69,175.94,175.15,177.75,176.0,172.89,173.97,174.54,174.67
2016-12-27,23724430.0,26043820.0,14244050.0,116.8,116.35,115.59,117.4,116.51,116.52,116.78,115.64,115.59,116.52
2019-05-24,28364850.0,29748560.0,36529740.0,185.22,184.66,179.8,188.0,185.71,180.54,184.7,182.55,177.81,180.2
2017-01-25,29922650.0,21982000.0,23191150.0,120.45,120.0,119.55,120.45,120.81,120.1,119.73,119.77,119.5,120.42
2018-10-08,28540490.0,31961120.0,33507770.0,230.05,230.78,227.96,233.47,232.35,228.41,229.78,226.73,220.58,222.21
2016-07-19,38885980.0,30031410.0,36464530.0,97.39,98.92,98.7,98.99,99.3,100.13,97.32,98.5,98.6,99.56
2019-12-20,28575800.0,29024690.0,24626950.0,279.57,279.8,279.5,281.77,281.9,281.18,278.8,279.12,278.95,282.23
2016-03-15,33490630.0,27368840.0,25058280.0,101.41,102.24,101.91,102.24,102.28,102.91,100.15,101.5,101.78,103.96
2017-10-02,25402270.0,21983410.0,26204670.0,153.8,153.89,153.21,154.72,154.28,154.13,153.54,152.7,152.0,154.26
2017-01-04,14979680.0,30555900.0,28769220.0,116.45,116.65,115.8,117.11,117.2,116.33,116.4,115.43,114.76,115.85
2019-02-22,18958570.0,25323890.0,17154540.0,169.71,171.19,171.8,171.44,173.32,172.37,169.49,170.99,170.3,171.58
2018-05-21,19046600.0,17014490.0,18083080.0,186.07,188.0,187.19,188.46,188.91,187.81,186.0,186.36,186.13,188.0
2018-08-31,22751390.0,27074260.0,48696960.0,219.01,220.15,223.25,220.54,223.49,228.26,218.92,219.41,222.4,226.51
2019-04-29,17427570.0,18463850.0,18612770.0,207.36,206.83,204.9,208.48,207.76,205.0,207.05,205.12,202.12,204.4
2020-03-03,80151380.0,106721200.0,85349340.0,281.1,257.26,282.28,286.0,278.41,301.44,272.96,256.37,277.72,303.67
2018-12-21,33753490.0,47597670.0,64398230.0,165.38,166.0,160.4,167.53,167.45,162.11,164.39,159.09,155.3,156.86
2019-05-23,38612290.0,28364850.0,29748560.0,183.52,185.22,184.66,184.35,188.0,185.71,180.28,184.7,182.55,179.8
2020-02-13,27337220.0,23580780.0,28432570.0,314.18,323.6,321.47,321.55,323.9,327.22,313.85,318.71,321.47,324.19
2020-05-19,39732270.0,41587090.0,33843130.0,304.51,300.35,313.17,309.79,307.9,316.5,301.53,300.21,310.32,315.03
2019-10-14,19029420.0,28962980.0,41990210.0,227.03,227.93,232.95,227.79,230.44,237.64,225.64,227.3,232.31,234.9
2019-05-13,26339500.0,34908610.0,41208710.0,201.9,200.4,197.42,205.34,201.68,198.85,201.75,196.66,192.77,187.71
2018-08-08,33408050.0,25396100.0,25525650.0,207.03,208.0,209.32,208.74,209.25,209.5,205.48,207.07,206.76,206.05
2016-10-24,19977160.0,24100150.0,22527690.0,117.25,116.86,116.81,117.76,117.38,116.91,113.8,116.33,116.28,117.1
2016-05-03,82107120.0,68388840.0,47844490.0,97.61,93.99,93.97,97.88,94.72,94.08,94.25,92.51,92.4,94.2
2015-11-10,39483400.0,33009110.0,33829290.0,121.85,121.11,120.96,122.69,121.81,121.81,120.18,120.62,120.05,116.9
2018-01-17,18653380.0,25302200.0,29512410.0,174.59,176.18,177.9,175.49,177.36,179.39,174.49,175.65,176.14,176.15
2019-02-21,24603320.0,18958570.0,25323890.0,171.25,169.71,171.19,171.7,171.44,173.32,169.75,169.49,170.99,171.8
2017-12-13,23285760.0,34260890.0,19088170.0,170.49,169.2,172.15,171.0,172.89,172.39,168.82,168.79,171.46,172.5
2017-02-09,26784530.0,38158410.0,22941650.0,129.13,130.54,131.35,130.5,132.09,132.22,128.9,130.45,131.22,131.65
2015-11-19,37979570.0,27584020.0,46559730.0,111.38,114.92,115.76,114.24,115.05,117.49,111.0,113.32,115.5,117.64
2019-12-03,16386120.0,11654360.0,23693550.0,265.58,266.6,267.27,267.98,268.0,268.25,265.31,265.9,263.45,258.31
2017-03-28,20299310.0,22355140.0,23531670.0,141.26,141.5,139.39,141.58,141.74,141.22,140.61,140.35,138.62,140.91
2018-08-15,24592460.0,25864510.0,20679270.0,207.36,207.7,210.16,209.1,210.95,210.56,206.67,207.7,208.26,209.22
2020-01-28,26117990.0,36634380.0,40485010.0,317.92,320.25,310.06,319.56,323.33,311.77,315.65,317.52,304.88,312.6
2016-09-07,26675250.0,26393770.0,26645130.0,106.14,107.7,107.9,106.8,108.0,108.3,105.62,106.82,107.51,107.83
2015-10-02,73230280.0,66300930.0,63849470.0,112.83,110.17,109.07,113.51,111.54,109.62,107.86,108.73,107.31,108.01
2016-07-20,30031410.0,36464530.0,23766360.0,98.92,98.7,99.56,99.3,100.13,100.0,98.5,98.6,99.34,100.0
2019-01-23,29616190.0,33259460.0,30273990.0,154.2,157.5,156.41,157.66,157.88,156.73,153.26,155.98,152.62,154.15
2020-05-15,40575260.0,50155640.0,39732270.0,317.83,312.15,304.51,319.69,315.95,309.79,310.91,303.21,301.53,300.35
2019-10-07,35767260.0,30352690.0,34755550.0,223.06,218.43,225.64,223.58,220.96,227.49,217.93,215.13,223.89,226.27
2017-01-26,21982000.0,23191150.0,32417410.0,120.0,119.55,120.42,120.81,120.1,122.1,119.77,119.5,120.28,121.67
2016-11-08,26538700.0,30790930.0,32361930.0,110.98,108.53,110.08,111.46,110.25,110.51,109.55,108.11,109.46,110.31
2016-08-11,28010430.0,26296260.0,23839880.0,107.52,108.23,108.71,108.37,108.94,108.9,107.16,108.01,107.76,108.52
2018-07-13,15801370.0,18776390.0,18000180.0,190.71,188.5,189.53,191.28,189.78,191.41,190.18,187.61,189.31,191.08
2019-10-22,17272900.0,24377170.0,22367480.0,235.09,234.59,237.52,236.15,237.58,240.99,233.52,234.29,237.32,241.16
2020-05-01,28001190.0,34320200.0,45765970.0,285.08,284.73,289.96,285.83,289.67,294.53,278.2,283.89,288.35,286.25
2016-01-14,49687870.0,49046150.0,62285770.0,98.97,100.55,100.32,99.06,100.69,101.19,97.34,98.84,97.3,97.96
2018-09-18,41411350.0,31801970.0,36810120.0,223.52,225.75,222.15,228.35,226.84,222.95,222.57,222.52,217.27,217.79
2015-08-21,34525630.0,48079330.0,68176940.0,116.43,116.1,114.08,117.44,116.52,114.35,116.01,114.68,111.63,110.43
2020-04-29,31627180.0,29271890.0,28001190.0,277.2,281.8,285.08,283.01,284.54,285.83,277.0,279.95,278.2,284.73
2019-01-14,45034370.0,35661200.0,26924630.0,151.29,152.5,152.88,154.53,153.97,153.7,149.63,150.86,151.51,150.85
2017-07-21,17837130.0,20859830.0,17170490.0,149.2,150.48,151.5,150.13,151.42,151.74,148.67,149.95,150.19,149.99
2018-03-19,29334630.0,22676520.0,38313330.0,180.32,178.5,178.65,180.52,180.24,179.12,177.81,178.07,177.62,177.32
2016-02-18,40323020.0,48032600.0,44811800.0,94.19,95.02,96.67,94.5,96.85,98.21,93.01,94.61,96.15,98.84
2016-06-30,45595680.0,40387960.0,36505420.0,93.0,92.9,93.97,93.05,93.66,94.55,91.5,92.14,93.63,94.44
2018-05-14,23141260.0,27942430.0,26167950.0,186.55,187.74,189.49,187.4,190.37,190.06,185.22,187.65,187.45,189.01
2017-09-07,16564340.0,29491910.0,21610300.0,164.8,163.75,162.71,164.94,164.25,162.99,163.63,160.56,160.52,162.09
2017-09-08,29491910.0,21610300.0,21905160.0,163.75,162.71,162.09,164.25,162.99,162.24,160.56,160.52,160.36,160.86
2018-01-25,27052000.0,32395870.0,51368540.0,177.3,177.3,177.25,177.78,179.44,177.3,176.6,176.82,173.2,174.51
2018-04-19,21561320.0,26575010.0,20544600.0,175.03,176.49,177.81,176.19,178.94,178.82,174.83,176.41,176.88,174.95
2017-03-17,15281850.0,25676720.0,19173780.0,139.3,139.41,140.72,139.65,140.75,141.02,138.84,139.03,140.26,141.0
2019-02-25,25323890.0,17154540.0,18890250.0,171.19,171.8,171.58,173.32,172.37,173.0,170.99,170.3,171.38,174.16
2020-03-09,54794570.0,46893220.0,56544250.0,296.44,295.52,282.0,303.4,299.55,290.82,293.13,291.41,281.23,263.75
2018-02-23,33690660.0,37378070.0,30953760.0,172.05,172.83,171.8,174.26,174.12,173.95,171.42,171.01,171.71,173.67
2018-09-11,34121240.0,37418910.0,39194720.0,226.23,221.85,220.95,227.35,225.37,221.85,221.3,220.71,216.47,218.01
2020-06-05,21910700.0,26122800.0,21890090.0,320.75,324.66,324.39,323.44,326.2,325.62,318.93,322.3,320.78,323.35
2020-04-21,39281290.0,53812480.0,32503750.0,287.38,284.69,277.95,288.2,286.95,281.68,282.35,276.86,276.85,276.28
2015-12-02,13046450.0,38063130.0,34806250.0,118.29,117.99,118.75,118.41,119.41,118.81,117.6,117.75,116.86,117.05
2018-11-26,67678680.0,31096240.0,23623970.0,178.37,179.73,174.94,181.47,180.27,176.6,175.51,176.55,172.1,174.24
2017-04-24,17302160.0,23294040.0,17290900.0,141.88,141.22,142.44,142.0,142.92,142.68,140.45,141.16,141.85,143.5
2018-07-12,19636390.0,15801370.0,18776390.0,189.5,190.71,188.5,190.68,191.28,189.78,189.3,190.18,187.61,189.53
2019-05-30,23714690.0,27948160.0,28481170.0,180.2,178.92,176.42,182.14,180.59,179.35,178.62,177.91,176.0,177.95
2015-12-24,47507230.0,32728460.0,32618140.0,107.28,107.4,107.27,107.37,107.72,108.85,105.57,106.45,107.2,109.0
2018-08-13,22493750.0,23389530.0,24592460.0,206.05,207.28,207.36,207.81,209.78,209.1,204.52,207.2,206.67,207.7
2015-10-23,48929200.0,42276880.0,41430660.0,111.34,114.0,114.33,114.17,115.58,115.5,110.82,113.7,114.1,116.7
2018-11-16,46725710.0,60547340.0,46271660.0,191.63,193.9,188.39,197.18,194.48,191.97,191.45,185.93,186.9,190.5
2017-08-29,19782170.0,25184600.0,25649890.0,160.43,159.65,160.14,160.74,160.56,162.0,158.55,159.27,159.93,160.1
2018-11-23,41626820.0,67678680.0,31096240.0,190.0,178.37,179.73,190.7,181.47,180.27,184.99,175.51,176.55,174.94
2016-03-22,34394830.0,43607120.0,35454230.0,105.52,106.34,105.93,106.47,106.5,107.65,104.96,105.19,105.14,105.25
2015-11-13,59029400.0,45179400.0,32461350.0,116.9,116.37,116.26,118.07,117.42,116.82,116.06,115.21,115.65,115.2
2017-09-19,23637310.0,48846060.0,28157630.0,158.99,158.47,160.11,159.4,160.97,160.5,158.09,158.0,158.0,159.51
2018-05-01,27850370.0,35617230.0,41976500.0,164.12,164.0,162.13,165.73,164.33,167.26,163.37,160.63,161.84,166.41
2016-10-10,21400410.0,28508710.0,24336440.0,113.4,113.7,114.31,113.66,114.34,114.56,112.69,113.13,113.51,115.02
2017-11-28,25558680.0,14026670.0,20591090.0,173.36,175.1,175.05,175.0,175.5,175.08,173.05,174.65,173.34,174.3
2019-11-14,20507460.0,21847230.0,25817590.0,258.3,261.55,261.13,262.47,262.79,264.78,258.28,260.92,261.07,263.75
2017-11-27,25047130.0,25558680.0,14026670.0,170.78,173.36,175.1,173.7,175.0,175.5,170.78,173.05,174.65,175.05
2016-08-17,18648700.0,25704330.0,33754680.0,107.78,108.14,109.63,108.44,109.54,110.23,107.78,108.08,109.21,109.1
2019-08-20,27883360.0,28813620.0,24431920.0,203.46,204.28,210.62,205.14,207.16,212.73,199.67,203.84,210.03,210.88
2018-07-24,20182050.0,20670830.0,15955820.0,189.69,191.78,190.68,192.55,192.43,191.96,189.69,190.17,189.56,192.45
2018-11-02,36487930.0,38016810.0,52954070.0,211.15,216.88,219.05,215.18,220.45,222.36,209.27,216.62,216.81,209.55
2020-05-12,28803760.0,33511990.0,36486560.0,303.22,305.64,308.1,305.17,310.35,317.05,301.97,304.29,307.24,317.83
2017-09-29,35907770.0,25402270.0,21983410.0,151.78,153.8,153.89,153.92,154.72,154.28,151.69,153.54,152.7,153.21
2018-04-02,39824200.0,41464880.0,38116290.0,173.68,167.25,167.81,175.15,170.02,171.75,166.92,165.19,166.9,167.88
